path,month_end_date,fiscal_year,fiscal_quarter,beginning_commission_asset,capitalised_commission,commission_amortisation,commission_impairment,ending_commission_asset,commission_earned,immediate_expense,earned_recomposed,gaap_commission_expense,commission_paid_cash,gaap_less_cash_commission,beginning_accrued_commission_liability,ending_accrued_commission_liability,is_actual,period_label
Base,2024-01-31,2024,2024Q1,0.0,17266.236011999998,479.6176669999999,0.0,16786.618345,29264.806800000002,11998.570788,29264.8068,12478.188455000001,17266.236012,-4788.047557,0.0,11998.570788,true,Actual
Base,2024-02-29,2024,2024Q1,16786.618345000003,25424.250618,1185.8468508333333,0.0,41025.02211216667,43091.9502,17667.699581999997,43091.95019999999,18853.54643283333,32155.156182,-13301.60974916667,11998.570788,22935.364806,true,Actual
Base,2024-03-31,2024,2024Q1,41025.02211216668,47563.714173,2507.061133416667,0.0,86081.67515175001,80616.4647,33052.750527,80616.4647,35559.811660416664,61571.935671,-26012.124010583335,22935.364805999998,41979.893834999995,true,Actual
Base,2024-04-30,2024,2024Q2,86081.67515175001,28718.830028999993,3304.806412,0.0,111495.69876875001,48675.9831,19957.153070999997,48675.98309999999,23261.959483,54464.08221,-31202.122727,41979.893834999995,36191.79472499999,true,Actual
Base,2024-05-31,2024,2024Q2,111495.69876875002,45064.77135599999,4556.605616333333,0.0,152003.86450841668,76380.9684,31316.197043999997,76380.96839999998,35872.80266033333,69270.230535,-33397.42787466667,36191.79472499999,43302.532589999995,true,Actual
Base,2024-06-30,2024,2024Q2,152003.86450841668,24155.135307,5227.581597083334,0.0,170931.41821833333,40940.9073,16785.771993000002,40940.907300000006,22013.353590083338,51762.05426099999,-29748.700670916653,43302.532589999995,32481.385629000004,true,Actual
Base,2024-07-31,2024,2024Q3,170931.41821833333,13655.940284999999,5606.913271666667,0.0,178980.44523166667,23145.6615,9489.721214999998,23145.661499999995,15096.634486666666,35712.723864,-20616.089377333334,32481.385629000004,19914.323265000003,true,Actual
Base,2024-08-31,2024,2024Q3,178980.44523166667,29041.013924999996,6413.608102916667,0.0,201607.85105375,49222.0575,20181.043575,49222.057499999995,26594.651677916667,43151.481827999996,-16556.83015008333,19914.323265000003,25984.89893700001,true,Actual
Base,2024-09-30,2024,2024Q3,201607.85105375,23574.011384999994,7068.441752500001,0.0,218113.42068625,39955.9515,16381.940115,39955.951499999996,23450.3818675,39773.11351200001,-16322.73164450001,25984.89893700001,26167.736925,true,Actual
Base,2024-10-31,2024,2024Q4,218113.42068625,22555.510727999997,7694.983717166668,0.0,232973.94769708332,38229.6792,15674.168471999998,38229.6792,23369.152189166663,39562.29408299999,-16193.14189383333,26167.736925,24835.122042000006,true,Actual
Base,2024-11-30,2024,2024Q4,232973.94769708332,39325.688840999996,8787.363962750002,0.0,263512.2725753333,66653.70989999999,27328.021058999995,66653.70989999999,36115.38502175,55681.23056699999,-19565.84554524999,24835.122042000003,35807.601375,true,Actual
Base,2024-12-31,2024,2024Q4,263512.2725753333,71977.01123699998,10786.725386000002,0.0,324702.5584263333,121994.9343,50017.923063,121994.9343,60804.648449,94257.757662,-33453.109213,35807.601375,63544.77801299999,true,Actual
Base,2025-01-31,2025,2025Q1,324702.5584263333,50350.416509999995,12185.348066833336,0.0,362867.6268695,85339.689,34989.272489999996,85339.68899999998,47174.62055683333,89269.957953,-42095.33739616667,63544.77801299999,59614.50905999998,true,Actual
Base,2025-02-28,2025,2025Q1,362867.6268695,33630.907125,13119.53993141667,0.0,383378.9940630833,57001.5375,23370.630374999997,57001.53749999999,36490.170306416665,73004.474793,-36514.304486583336,59614.50905999998,43611.57176699998,true,Actual
Base,2025-03-31,2025,2025Q1,383378.9940630833,33716.419541999996,14056.107140916669,0.0,403039.3064641666,57146.47379999999,23430.054257999996,57146.47379999999,37486.161398916665,63654.12699899999,-26167.965600083327,43611.57176699998,37103.91856799998,true,Actual
Base,2025-04-30,2025,2025Q2,403039.3064641666,34553.410239,15015.924092000003,0.0,422576.7926111666,58565.10209999999,24011.691860999996,58565.10209999999,39027.615953,59090.90202299999,-20063.286069999987,37103.91856799998,36578.11864499998,true,Actual
Base,2025-05-31,2025,2025Q2,422576.7926111666,21130.052733,15602.870001250003,0.0,428103.9753429166,35813.6487,14683.595967,35813.6487,30286.465968250002,44880.594048,-14594.128079749997,36578.11864499998,27511.17329699998,true,Actual
Base,2025-06-30,2025,2025Q2,428103.9753429166,35119.680321,16578.416676833338,0.0,446645.23898708326,59524.8819,24405.201579,59524.8819,40983.61825583334,53841.792768,-12858.17451216666,27511.17329699998,33194.26242899998,true,Actual
Base,2025-07-31,2025,2025Q3,446645.23898708326,17644.628736000002,17068.545252833337,0.0,447221.3224702499,29906.150400000002,12261.521664,29906.150400000002,29330.066916833337,38691.866474999995,-9361.799558166658,33194.26242899998,24408.546353999987,true,Actual
Base,2025-08-31,2025,2025Q3,447221.3224702499,22877.402396999998,17704.028652750003,0.0,452394.6962144999,38775.2583,15897.855903,38775.2583,33601.88455575,39521.846403,-5919.961847250001,24408.546353999987,23661.958250999985,true,Actual
Base,2025-09-30,2025,2025Q3,452394.6962144999,39626.64672,18804.76883941667,0.0,473216.5740950832,67163.808,27537.161279999997,67163.80799999999,46341.93011941666,55112.812461,-8770.88234158334,23661.958250999982,35712.953789999985,true,Actual
Base,2025-10-31,2025,2025Q4,473216.5740950832,25615.828868999997,19516.319641333335,0.0,479316.0833227499,43416.6591,17800.830230999996,43416.65909999999,37317.149872333335,47688.286887,-10371.137014666667,35712.953789999985,31441.32600299998,true,Actual
Base,2025-11-30,2025,2025Q4,479316.0833227499,61260.70182,21218.005803000004,0.0,519358.7793397499,103831.698,42570.996179999995,103831.698,63789.001982999995,82200.476865,-18411.47488200001,31441.32600299998,53072.54713799998,true,Actual
Base,2025-12-31,2025,2025Q4,519358.77933974995,43277.226939,22420.150995750002,0.0,540215.8552829999,73351.2321,30074.005160999997,73351.2321,52494.15615675,75923.402073,-23429.24591625,53072.54713799998,50500.37716499997,true,Actual
Base,2026-01-31,2026,2026Q1,540215.8552829999,26086.602318,23144.77883791667,0.0,543157.6787630833,44214.5802,18127.977882,44214.5802,41272.756719916666,59230.48978499999,-17957.733065083325,50500.37716499997,35484.467579999975,true,Actual
Base,2026-02-28,2026,2026Q1,543157.6787630833,22419.970499999992,23767.555796250002,0.0,541810.0934668332,37999.94999999999,15579.979499999998,37999.94999999999,39347.535296250004,47011.76435999999,-7664.229063749983,35484.467579999975,26472.65321999998,true,Actual
Base,2026-03-31,2026,2026Q1,541810.0934668332,28985.554868999996,24572.71009816667,0.0,546222.9382376666,49128.0591,20142.504231,49128.0591,44715.21432916667,46849.633880999994,-2134.4195518333217,26472.65321999998,28751.078438999983,true,Actual
Base,2026-04-30,2026,2026Q2,546222.9382376666,50107.773758999996,25964.592702583337,0.0,570366.1192940833,84928.4301,34820.656341,84928.4301,60785.24904358334,68495.80355999999,-7710.554516416647,28751.078438999983,45183.704978999995,true,Actual
Base,2026-05-31,2026,2026Q2,570366.1192940833,35637.161061,26954.51384316667,0.0,579048.7665119166,60401.9679,24764.806838999997,60401.967899999996,51719.32068216667,63568.626258,-11849.305575833328,45183.704978999995,42017.046621,true,Actual
Base,2026-06-30,2026,2026Q2,579048.7665119166,41578.335804,28109.467615500005,0.0,592517.6347004166,70471.7556,28893.419796000002,70471.7556,57002.88741150001,69325.890999,-12323.003587499988,42017.046621,43162.91122200001,true,Actual
Base,2026-07-31,2026,2026Q3,592517.6347004166,38362.87510651628,29175.103035125456,0.0,601705.4067718075,65021.82221443437,26658.947107918088,65021.82221443437,55834.05014304354,66424.79160451627,-10590.741461472731,43162.91122200001,41759.941831918106,false,FY2026 Reforecast
Base,2026-08-31,2026,2026Q3,601705.4067718073,22390.55806841793,29797.062981470397,0.0,594298.9018587549,37950.09842104734,15559.540352629407,37950.09842104734,45356.603334099804,49627.70167773783,-4271.098343638027,41759.94183191811,30082.33857522762,false,FY2026 Reforecast
Base,2026-09-30,2026,2026Q3,594298.9018587549,18752.627900761363,30317.969312047102,0.0,582733.5604474692,31784.11508603621,13031.487185274846,31784.11508603621,43349.456497321946,39403.07587162306,3946.380625698883,30082.33857522762,22463.377789640766,false,FY2026 Reforecast
Base,2026-10-31,2026,2026Q4,582733.5604474694,18799.8805492831,30840.188216193856,0.0,570693.2527805585,31864.20432081882,13064.323771535715,31864.20432081882,43904.51198772957,34024.11368659543,9880.39830113414,22463.377789640766,20303.468423864153,false,FY2026 Reforecast
Base,2026-11-30,2026,2026Q4,570693.2527805585,36835.74205825984,31863.40327336774,0.0,575665.5915654507,62433.46111569464,25597.719057434802,62433.46111569465,57461.122330802544,50132.28910093512,7328.833229867421,20303.468423864153,32604.64043862367,false,FY2026 Reforecast
Base,2026-12-31,2026,2026Q4,575665.5915654507,36860.53310551487,32887.30697074316,0.0,579638.8177002224,62475.4798398557,25614.94673434084,62475.47983985571,58502.253705084,56952.58237048072,1549.6713346032775,32604.640438623675,38127.53790799866,false,FY2026 Reforecast
Base,2027-01-31,2027,2027Q1,579638.8177002224,36860.53310551487,33431.59300111856,0.0,583067.7578046187,62475.4798398557,25614.94673434084,62475.47983985571,59046.5397354594,61245.146197711685,-2198.6064622522827,38127.53790799866,39357.87155014268,false,Forward Runway Projection
Base,2027-02-28,2027,2027Q1,583067.7578046187,36747.42106871232,33746.12551363835,0.0,586069.0533596927,62283.76452324122,25536.3434545289,62283.76452324122,59282.468968167246,62360.68705408672,-3078.2180859194705,39357.87155014268,39280.94901929718,false,Forward Runway Projection
Base,2027-03-31,2027,2027Q1,586069.0533596927,36619.18491519551,33442.11081203267,0.0,589246.1274628555,62066.415110500864,25447.230195305354,62066.415110500864,58889.34100733802,62190.03712671502,-3300.6961193769966,39280.94901929718,39157.327003083024,false,Forward Runway Projection
Base,2027-04-30,2027,2027Q2,589246.1274628555,36494.12644088862,33658.09126791846,0.0,592082.1626358257,61854.45159472648,25360.325153837854,61854.45159472647,59018.416421756316,61988.14814315182,-2969.731721395503,39157.327003083024,39023.63045465769,false,Forward Runway Projection
Base,2027-05-31,2027,2027Q2,592082.1626358257,36372.1669032149,33416.630033118876,0.0,595037.6995059217,61647.74051392356,25275.573610708656,61647.740513923556,58692.20364382753,61779.33946640176,-3087.1358225742297,39023.63045465769,38892.03150217949,false,Forward Runway Projection
Base,2027-06-30,2027,2027Q2,595037.6995059217,36253.229510830846,33752.688205447506,0.0,597538.240811305,61446.15171327262,25192.922202441776,61446.15171327262,58945.61040788928,61574.489656715006,-2628.879248825724,38892.03150217949,38763.693558737104,false,Forward Runway Projection
Base,2027-07-31,2027,2027Q3,597538.240811305,36137.23937527489,34377.16873573292,0.0,599298.311450847,61249.55826317778,25112.31888790289,61249.55826317778,59489.48762363581,61374.71600506596,-1885.2283814301481,38763.693558737104,38638.535816848926,false,Forward Runway Projection
Base,2027-08-31,2027,2027Q3,599298.311450847,36024.12346381412,34571.14400069998,0.0,600751.2909139611,61057.83637934596,25033.71291553184,61057.83637934596,59604.856916231816,61179.89272476011,-1575.0358085282933,38638.535816848926,38516.47947143477,false,Forward Runway Projection
Base,2027-09-30,2027,2027Q3,600751.2909139611,35913.810553459516,34913.91619982385,0.0,601751.1852675967,60870.865344846636,24957.05479138712,60870.865344846636,59870.97099121097,60989.89714608488,-1118.9261548739087,38516.47947143477,38397.44767019653,false,Forward Runway Projection
Base,2027-10-31,2027,2027Q4,601751.1852675967,35806.23118612072,35281.99176810499,0.0,602275.4246856124,60688.527434102914,24882.296247982194,60688.527434102914,60164.28801608719,60804.60963907099,-640.3216229838072,38397.44767019653,38281.36546522845,false,Forward Runway Projection
Base,2027-11-30,2027,2027Q4,602275.4246856124,35701.31762487197,35181.31478987921,0.0,602795.4275206052,60510.70783876605,24809.39021389408,60510.707838766044,59990.705003773284,60623.91353816801,-633.2085343947256,38281.36546522845,38168.159765826495,false,Forward Runway Projection
Base,2027-12-31,2027,2027Q4,602795.4275206052,35599.00381130182,34170.81458360982,0.0,604223.6167482971,60337.294595426814,24738.29078412499,60337.294595426814,58909.10536773481,60447.69506878628,-1538.5897010514673,38168.159765826495,38057.75929246703,false,Forward Runway Projection
Base_FullClose,2024-01-31,2024,2024Q1,0.0,17266.236011999998,479.6176669999999,0.0,16786.618345,29264.806800000002,11998.570788,29264.8068,12478.188455000001,17266.236012,-4788.047557,0.0,11998.570788,true,Actual
Base_FullClose,2024-02-29,2024,2024Q1,16786.618345000003,25424.250618,1185.8468508333333,0.0,41025.02211216667,43091.9502,17667.699581999997,43091.95019999999,18853.54643283333,32155.156182,-13301.60974916667,11998.570788,22935.364806,true,Actual
Base_FullClose,2024-03-31,2024,2024Q1,41025.02211216668,47563.714173,2507.061133416667,0.0,86081.67515175001,80616.4647,33052.750527,80616.4647,35559.811660416664,61571.935671,-26012.124010583335,22935.364805999998,41979.893834999995,true,Actual
Base_FullClose,2024-04-30,2024,2024Q2,86081.67515175001,28718.830028999993,3304.806412,0.0,111495.69876875001,48675.9831,19957.153070999997,48675.98309999999,23261.959483,54464.08221,-31202.122727,41979.893834999995,36191.79472499999,true,Actual
Base_FullClose,2024-05-31,2024,2024Q2,111495.69876875002,45064.77135599999,4556.605616333333,0.0,152003.86450841668,76380.9684,31316.197043999997,76380.96839999998,35872.80266033333,69270.230535,-33397.42787466667,36191.79472499999,43302.532589999995,true,Actual
Base_FullClose,2024-06-30,2024,2024Q2,152003.86450841668,24155.135307,5227.581597083334,0.0,170931.41821833333,40940.9073,16785.771993000002,40940.907300000006,22013.353590083338,51762.05426099999,-29748.700670916653,43302.532589999995,32481.385629000004,true,Actual
Base_FullClose,2024-07-31,2024,2024Q3,170931.41821833333,13655.940284999999,5606.913271666667,0.0,178980.44523166667,23145.6615,9489.721214999998,23145.661499999995,15096.634486666666,35712.723864,-20616.089377333334,32481.385629000004,19914.323265000003,true,Actual
Base_FullClose,2024-08-31,2024,2024Q3,178980.44523166667,29041.013924999996,6413.608102916667,0.0,201607.85105375,49222.0575,20181.043575,49222.057499999995,26594.651677916667,43151.481827999996,-16556.83015008333,19914.323265000003,25984.89893700001,true,Actual
Base_FullClose,2024-09-30,2024,2024Q3,201607.85105375,23574.011384999994,7068.441752500001,0.0,218113.42068625,39955.9515,16381.940115,39955.951499999996,23450.3818675,39773.11351200001,-16322.73164450001,25984.89893700001,26167.736925,true,Actual
Base_FullClose,2024-10-31,2024,2024Q4,218113.42068625,22555.510727999997,7694.983717166668,0.0,232973.94769708332,38229.6792,15674.168471999998,38229.6792,23369.152189166663,39562.29408299999,-16193.14189383333,26167.736925,24835.122042000006,true,Actual
Base_FullClose,2024-11-30,2024,2024Q4,232973.94769708332,39325.688840999996,8787.363962750002,0.0,263512.2725753333,66653.70989999999,27328.021058999995,66653.70989999999,36115.38502175,55681.23056699999,-19565.84554524999,24835.122042000003,35807.601375,true,Actual
Base_FullClose,2024-12-31,2024,2024Q4,263512.2725753333,71977.01123699998,10786.725386000002,0.0,324702.5584263333,121994.9343,50017.923063,121994.9343,60804.648449,94257.757662,-33453.109213,35807.601375,63544.77801299999,true,Actual
Base_FullClose,2025-01-31,2025,2025Q1,324702.5584263333,50350.416509999995,12185.348066833336,0.0,362867.6268695,85339.689,34989.272489999996,85339.68899999998,47174.62055683333,89269.957953,-42095.33739616667,63544.77801299999,59614.50905999998,true,Actual
Base_FullClose,2025-02-28,2025,2025Q1,362867.6268695,33630.907125,13119.53993141667,0.0,383378.9940630833,57001.5375,23370.630374999997,57001.53749999999,36490.170306416665,73004.474793,-36514.304486583336,59614.50905999998,43611.57176699998,true,Actual
Base_FullClose,2025-03-31,2025,2025Q1,383378.9940630833,33716.419541999996,14056.107140916669,0.0,403039.3064641666,57146.47379999999,23430.054257999996,57146.47379999999,37486.161398916665,63654.12699899999,-26167.965600083327,43611.57176699998,37103.91856799998,true,Actual
Base_FullClose,2025-04-30,2025,2025Q2,403039.3064641666,34553.410239,15015.924092000003,0.0,422576.7926111666,58565.10209999999,24011.691860999996,58565.10209999999,39027.615953,59090.90202299999,-20063.286069999987,37103.91856799998,36578.11864499998,true,Actual
Base_FullClose,2025-05-31,2025,2025Q2,422576.7926111666,21130.052733,15602.870001250003,0.0,428103.9753429166,35813.6487,14683.595967,35813.6487,30286.465968250002,44880.594048,-14594.128079749997,36578.11864499998,27511.17329699998,true,Actual
Base_FullClose,2025-06-30,2025,2025Q2,428103.9753429166,35119.680321,16578.416676833338,0.0,446645.23898708326,59524.8819,24405.201579,59524.8819,40983.61825583334,53841.792768,-12858.17451216666,27511.17329699998,33194.26242899998,true,Actual
Base_FullClose,2025-07-31,2025,2025Q3,446645.23898708326,17644.628736000002,17068.545252833337,0.0,447221.3224702499,29906.150400000002,12261.521664,29906.150400000002,29330.066916833337,38691.866474999995,-9361.799558166658,33194.26242899998,24408.546353999987,true,Actual
Base_FullClose,2025-08-31,2025,2025Q3,447221.3224702499,22877.402396999998,17704.028652750003,0.0,452394.6962144999,38775.2583,15897.855903,38775.2583,33601.88455575,39521.846403,-5919.961847250001,24408.546353999987,23661.958250999985,true,Actual
Base_FullClose,2025-09-30,2025,2025Q3,452394.6962144999,39626.64672,18804.76883941667,0.0,473216.5740950832,67163.808,27537.161279999997,67163.80799999999,46341.93011941666,55112.812461,-8770.88234158334,23661.958250999982,35712.953789999985,true,Actual
Base_FullClose,2025-10-31,2025,2025Q4,473216.5740950832,25615.828868999997,19516.319641333335,0.0,479316.0833227499,43416.6591,17800.830230999996,43416.65909999999,37317.149872333335,47688.286887,-10371.137014666667,35712.953789999985,31441.32600299998,true,Actual
Base_FullClose,2025-11-30,2025,2025Q4,479316.0833227499,61260.70182,21218.005803000004,0.0,519358.7793397499,103831.698,42570.996179999995,103831.698,63789.001982999995,82200.476865,-18411.47488200001,31441.32600299998,53072.54713799998,true,Actual
Base_FullClose,2025-12-31,2025,2025Q4,519358.77933974995,43277.226939,22420.150995750002,0.0,540215.8552829999,73351.2321,30074.005160999997,73351.2321,52494.15615675,75923.402073,-23429.24591625,53072.54713799998,50500.37716499997,true,Actual
Base_FullClose,2026-01-31,2026,2026Q1,540215.8552829999,26086.602318,23144.77883791667,0.0,543157.6787630833,44214.5802,18127.977882,44214.5802,41272.756719916666,59230.48978499999,-17957.733065083325,50500.37716499997,35484.467579999975,true,Actual
Base_FullClose,2026-02-28,2026,2026Q1,543157.6787630833,22419.970499999992,23767.555796250002,0.0,541810.0934668332,37999.94999999999,15579.979499999998,37999.94999999999,39347.535296250004,47011.76435999999,-7664.229063749983,35484.467579999975,26472.65321999998,true,Actual
Base_FullClose,2026-03-31,2026,2026Q1,541810.0934668332,28985.554868999996,24572.71009816667,0.0,546222.9382376666,49128.0591,20142.504231,49128.0591,44715.21432916667,46849.633880999994,-2134.4195518333217,26472.65321999998,28751.078438999983,true,Actual
Base_FullClose,2026-04-30,2026,2026Q2,546222.9382376666,50107.773758999996,25964.592702583337,0.0,570366.1192940833,84928.4301,34820.656341,84928.4301,60785.24904358334,68495.80355999999,-7710.554516416647,28751.078438999983,45183.704978999995,true,Actual
Base_FullClose,2026-05-31,2026,2026Q2,570366.1192940833,35637.161061,26954.51384316667,0.0,579048.7665119166,60401.9679,24764.806838999997,60401.967899999996,51719.32068216667,63568.626258,-11849.305575833328,45183.704978999995,42017.046621,true,Actual
Base_FullClose,2026-06-30,2026,2026Q2,579048.7665119166,41578.335804,28109.467615500005,0.0,592517.6347004166,70471.7556,28893.419796000002,70471.7556,57002.88741150001,69325.890999,-12323.003587499988,42017.046621,43162.91122200001,true,Actual
Base_FullClose,2026-07-31,2026,2026Q3,592517.6347004166,38362.87510651628,29175.103035125456,0.0,601705.4067718075,65021.82221443437,26658.947107918088,65021.82221443437,55834.05014304354,66424.79160451627,-10590.741461472731,43162.91122200001,41759.941831918106,false,FY2026 Reforecast
Base_FullClose,2026-08-31,2026,2026Q3,601705.4067718073,22390.55806841793,29797.062981470397,0.0,594298.9018587549,37950.09842104734,15559.540352629407,37950.09842104734,45356.603334099804,49627.70167773783,-4271.098343638027,41759.94183191811,30082.33857522762,false,FY2026 Reforecast
Base_FullClose,2026-09-30,2026,2026Q3,594298.9018587549,18752.627900761363,30317.969312047102,0.0,582733.5604474692,31784.11508603621,13031.487185274846,31784.11508603621,43349.456497321946,39403.07587162306,3946.380625698883,30082.33857522762,22463.377789640766,false,FY2026 Reforecast
Base_FullClose,2026-10-31,2026,2026Q4,582733.5604474694,18799.8805492831,30840.188216193856,0.0,570693.2527805585,31864.20432081882,13064.323771535715,31864.20432081882,43904.51198772957,34024.11368659543,9880.39830113414,22463.377789640766,20303.468423864153,false,FY2026 Reforecast
Base_FullClose,2026-11-30,2026,2026Q4,570693.2527805585,36860.53310551487,31864.091913569267,0.0,575689.6939725041,62475.4798398557,25614.94673434084,62475.47983985571,57479.03864791011,50157.08014819015,7321.958499719956,20303.468423864153,32621.868115529705,false,FY2026 Reforecast
Base_FullClose,2026-12-31,2026,2026Q4,575689.693972504,36860.53310551487,32887.99561094468,0.0,579662.2314670742,62475.4798398557,25614.94673434084,62475.47983985571,58502.94234528552,56962.246677037765,1540.695668247754,32621.86811552971,38135.10127834765,false,FY2026 Reforecast
Base_FullClose,2027-01-31,2027,2027Q1,579662.2314670742,36860.53310551487,33432.28164132009,0.0,583090.482931269,62475.4798398557,25614.94673434084,62475.47983985571,59047.22837566093,61251.02881909423,-2203.800443433298,38135.10127834765,39359.55229910912,false,Forward Runway Projection
Base_FullClose,2027-02-28,2027,2027Q1,583090.482931269,36860.53310551487,33749.956154862164,0.0,586201.0598819217,62475.4798398557,25614.94673434084,62475.47983985571,59364.902889203004,62475.4798398557,-3110.5769506526995,39359.55229910912,39359.55229910912,false,Forward Runway Projection
Base_FullClose,2027-03-31,2027,2027Q1,586201.0598819217,36860.53310551487,33452.64556965425,0.0,589608.9474177824,62475.4798398557,25614.94673434084,62475.47983985571,59067.59230399509,62475.4798398557,-3407.8875358606165,39359.55229910912,39359.55229910912,false,Forward Runway Projection
Base_FullClose,2027-04-30,2027,2027Q2,589608.9474177824,36860.53310551487,33678.80398844632,0.0,592790.676534851,62475.4798398557,25614.94673434084,62475.47983985571,59293.75072278716,62475.4798398557,-3181.729117068542,39359.55229910912,39359.55229910912,false,Forward Runway Projection
Base_FullClose,2027-05-31,2027,2027Q2,592790.676534851,36860.53310551487,33450.908481488405,0.0,596200.3011588774,62475.4798398557,25614.94673434084,62475.47983985571,59065.855215829244,62475.4798398557,-3409.624624026459,39359.55229910912,39359.55229910912,false,Forward Runway Projection
Base_FullClose,2027-06-30,2027,2027Q2,596200.3011588774,36860.53310551487,33803.836198113815,0.0,599256.9980662785,62475.4798398557,25614.94673434084,62475.47983985571,59418.782932454655,62475.4798398557,-3056.6969074010485,39359.55229910912,39359.55229910912,false,Forward Runway Projection
Base_FullClose,2027-07-31,2027,2027Q3,599256.9980662785,36860.53310551487,34448.40822090589,0.0,601669.1229508875,62475.4798398557,25614.94673434084,62475.47983985571,60063.35495524673,62475.4798398557,-2412.124884608973,39359.55229910912,39359.55229910912,false,Forward Runway Projection
Base_FullClose,2027-08-31,2027,2027Q3,601669.1229508875,36860.53310551487,34665.61708703131,0.0,603864.0389693711,62475.4798398557,25614.94673434084,62475.47983985571,60280.56382137215,62475.4798398557,-2194.9160184835564,39359.55229910912,39359.55229910912,false,Forward Runway Projection
Base_FullClose,2027-09-30,2027,2027Q3,603864.0389693711,36860.53310551487,35034.68713482338,0.0,605689.8849400626,62475.4798398557,25614.94673434084,62475.47983985571,60649.63386916422,62475.4798398557,-1825.84597069148,39359.55229910912,39359.55229910912,false,Forward Runway Projection
Base_FullClose,2027-10-31,2027,2027Q4,605689.8849400626,36860.53310551487,35432.048867532125,0.0,607118.3691780454,62475.4798398557,25614.94673434084,62475.47983985571,61046.995601872964,62475.4798398557,-1428.4842379827387,39359.55229910912,39359.55229910912,false,Forward Runway Projection
Base_FullClose,2027-11-30,2027,2027Q4,607118.3691780454,36860.53310551487,35363.57231932421,0.0,608615.3299642361,62475.4798398557,25614.94673434084,62475.47983985571,60978.51905366505,62475.4798398557,-1496.9607861906552,39359.55229910912,39359.55229910912,false,Forward Runway Projection
Base_FullClose,2027-12-31,2027,2027Q4,608615.3299642359,36860.53310551487,34388.11459344962,0.0,611087.7484763011,62475.4798398557,25614.94673434084,62475.47983985571,60003.06132779046,62475.4798398557,-2472.41851206524,39359.55229910911,39359.55229910911,false,Forward Runway Projection
Base_Targeted,2024-01-31,2024,2024Q1,0.0,17266.236011999998,479.6176669999999,0.0,16786.618345,29264.806800000002,11998.570788,29264.8068,12478.188455000001,17266.236012,-4788.047557,0.0,11998.570788,true,Actual
Base_Targeted,2024-02-29,2024,2024Q1,16786.618345000003,25424.250618,1185.8468508333333,0.0,41025.02211216667,43091.9502,17667.699581999997,43091.95019999999,18853.54643283333,32155.156182,-13301.60974916667,11998.570788,22935.364806,true,Actual
Base_Targeted,2024-03-31,2024,2024Q1,41025.02211216668,47563.714173,2507.061133416667,0.0,86081.67515175001,80616.4647,33052.750527,80616.4647,35559.811660416664,61571.935671,-26012.124010583335,22935.364805999998,41979.893834999995,true,Actual
Base_Targeted,2024-04-30,2024,2024Q2,86081.67515175001,28718.830028999993,3304.806412,0.0,111495.69876875001,48675.9831,19957.153070999997,48675.98309999999,23261.959483,54464.08221,-31202.122727,41979.893834999995,36191.79472499999,true,Actual
Base_Targeted,2024-05-31,2024,2024Q2,111495.69876875002,45064.77135599999,4556.605616333333,0.0,152003.86450841668,76380.9684,31316.197043999997,76380.96839999998,35872.80266033333,69270.230535,-33397.42787466667,36191.79472499999,43302.532589999995,true,Actual
Base_Targeted,2024-06-30,2024,2024Q2,152003.86450841668,24155.135307,5227.581597083334,0.0,170931.41821833333,40940.9073,16785.771993000002,40940.907300000006,22013.353590083338,51762.05426099999,-29748.700670916653,43302.532589999995,32481.385629000004,true,Actual
Base_Targeted,2024-07-31,2024,2024Q3,170931.41821833333,13655.940284999999,5606.913271666667,0.0,178980.44523166667,23145.6615,9489.721214999998,23145.661499999995,15096.634486666666,35712.723864,-20616.089377333334,32481.385629000004,19914.323265000003,true,Actual
Base_Targeted,2024-08-31,2024,2024Q3,178980.44523166667,29041.013924999996,6413.608102916667,0.0,201607.85105375,49222.0575,20181.043575,49222.057499999995,26594.651677916667,43151.481827999996,-16556.83015008333,19914.323265000003,25984.89893700001,true,Actual
Base_Targeted,2024-09-30,2024,2024Q3,201607.85105375,23574.011384999994,7068.441752500001,0.0,218113.42068625,39955.9515,16381.940115,39955.951499999996,23450.3818675,39773.11351200001,-16322.73164450001,25984.89893700001,26167.736925,true,Actual
Base_Targeted,2024-10-31,2024,2024Q4,218113.42068625,22555.510727999997,7694.983717166668,0.0,232973.94769708332,38229.6792,15674.168471999998,38229.6792,23369.152189166663,39562.29408299999,-16193.14189383333,26167.736925,24835.122042000006,true,Actual
Base_Targeted,2024-11-30,2024,2024Q4,232973.94769708332,39325.688840999996,8787.363962750002,0.0,263512.2725753333,66653.70989999999,27328.021058999995,66653.70989999999,36115.38502175,55681.23056699999,-19565.84554524999,24835.122042000003,35807.601375,true,Actual
Base_Targeted,2024-12-31,2024,2024Q4,263512.2725753333,71977.01123699998,10786.725386000002,0.0,324702.5584263333,121994.9343,50017.923063,121994.9343,60804.648449,94257.757662,-33453.109213,35807.601375,63544.77801299999,true,Actual
Base_Targeted,2025-01-31,2025,2025Q1,324702.5584263333,50350.416509999995,12185.348066833336,0.0,362867.6268695,85339.689,34989.272489999996,85339.68899999998,47174.62055683333,89269.957953,-42095.33739616667,63544.77801299999,59614.50905999998,true,Actual
Base_Targeted,2025-02-28,2025,2025Q1,362867.6268695,33630.907125,13119.53993141667,0.0,383378.9940630833,57001.5375,23370.630374999997,57001.53749999999,36490.170306416665,73004.474793,-36514.304486583336,59614.50905999998,43611.57176699998,true,Actual
Base_Targeted,2025-03-31,2025,2025Q1,383378.9940630833,33716.419541999996,14056.107140916669,0.0,403039.3064641666,57146.47379999999,23430.054257999996,57146.47379999999,37486.161398916665,63654.12699899999,-26167.965600083327,43611.57176699998,37103.91856799998,true,Actual
Base_Targeted,2025-04-30,2025,2025Q2,403039.3064641666,34553.410239,15015.924092000003,0.0,422576.7926111666,58565.10209999999,24011.691860999996,58565.10209999999,39027.615953,59090.90202299999,-20063.286069999987,37103.91856799998,36578.11864499998,true,Actual
Base_Targeted,2025-05-31,2025,2025Q2,422576.7926111666,21130.052733,15602.870001250003,0.0,428103.9753429166,35813.6487,14683.595967,35813.6487,30286.465968250002,44880.594048,-14594.128079749997,36578.11864499998,27511.17329699998,true,Actual
Base_Targeted,2025-06-30,2025,2025Q2,428103.9753429166,35119.680321,16578.416676833338,0.0,446645.23898708326,59524.8819,24405.201579,59524.8819,40983.61825583334,53841.792768,-12858.17451216666,27511.17329699998,33194.26242899998,true,Actual
Base_Targeted,2025-07-31,2025,2025Q3,446645.23898708326,17644.628736000002,17068.545252833337,0.0,447221.3224702499,29906.150400000002,12261.521664,29906.150400000002,29330.066916833337,38691.866474999995,-9361.799558166658,33194.26242899998,24408.546353999987,true,Actual
Base_Targeted,2025-08-31,2025,2025Q3,447221.3224702499,22877.402396999998,17704.028652750003,0.0,452394.6962144999,38775.2583,15897.855903,38775.2583,33601.88455575,39521.846403,-5919.961847250001,24408.546353999987,23661.958250999985,true,Actual
Base_Targeted,2025-09-30,2025,2025Q3,452394.6962144999,39626.64672,18804.76883941667,0.0,473216.5740950832,67163.808,27537.161279999997,67163.80799999999,46341.93011941666,55112.812461,-8770.88234158334,23661.958250999982,35712.953789999985,true,Actual
Base_Targeted,2025-10-31,2025,2025Q4,473216.5740950832,25615.828868999997,19516.319641333335,0.0,479316.0833227499,43416.6591,17800.830230999996,43416.65909999999,37317.149872333335,47688.286887,-10371.137014666667,35712.953789999985,31441.32600299998,true,Actual
Base_Targeted,2025-11-30,2025,2025Q4,479316.0833227499,61260.70182,21218.005803000004,0.0,519358.7793397499,103831.698,42570.996179999995,103831.698,63789.001982999995,82200.476865,-18411.47488200001,31441.32600299998,53072.54713799998,true,Actual
Base_Targeted,2025-12-31,2025,2025Q4,519358.77933974995,43277.226939,22420.150995750002,0.0,540215.8552829999,73351.2321,30074.005160999997,73351.2321,52494.15615675,75923.402073,-23429.24591625,53072.54713799998,50500.37716499997,true,Actual
Base_Targeted,2026-01-31,2026,2026Q1,540215.8552829999,26086.602318,23144.77883791667,0.0,543157.6787630833,44214.5802,18127.977882,44214.5802,41272.756719916666,59230.48978499999,-17957.733065083325,50500.37716499997,35484.467579999975,true,Actual
Base_Targeted,2026-02-28,2026,2026Q1,543157.6787630833,22419.970499999992,23767.555796250002,0.0,541810.0934668332,37999.94999999999,15579.979499999998,37999.94999999999,39347.535296250004,47011.76435999999,-7664.229063749983,35484.467579999975,26472.65321999998,true,Actual
Base_Targeted,2026-03-31,2026,2026Q1,541810.0934668332,28985.554868999996,24572.71009816667,0.0,546222.9382376666,49128.0591,20142.504231,49128.0591,44715.21432916667,46849.633880999994,-2134.4195518333217,26472.65321999998,28751.078438999983,true,Actual
Base_Targeted,2026-04-30,2026,2026Q2,546222.9382376666,50107.773758999996,25964.592702583337,0.0,570366.1192940833,84928.4301,34820.656341,84928.4301,60785.24904358334,68495.80355999999,-7710.554516416647,28751.078438999983,45183.704978999995,true,Actual
Base_Targeted,2026-05-31,2026,2026Q2,570366.1192940833,35637.161061,26954.51384316667,0.0,579048.7665119166,60401.9679,24764.806838999997,60401.967899999996,51719.32068216667,63568.626258,-11849.305575833328,45183.704978999995,42017.046621,true,Actual
Base_Targeted,2026-06-30,2026,2026Q2,579048.7665119166,41578.335804,28109.467615500005,0.0,592517.6347004166,70471.7556,28893.419796000002,70471.7556,57002.88741150001,69325.890999,-12323.003587499988,42017.046621,43162.91122200001,true,Actual
Base_Targeted,2026-07-31,2026,2026Q3,592517.6347004166,38362.87510651628,29175.103035125456,0.0,601705.4067718075,65021.82221443437,26658.947107918088,65021.82221443437,55834.05014304354,66424.79160451627,-10590.741461472731,43162.91122200001,41759.941831918106,false,FY2026 Reforecast
Base_Targeted,2026-08-31,2026,2026Q3,601705.4067718073,22390.55806841793,29797.062981470397,0.0,594298.9018587549,37950.09842104734,15559.540352629407,37950.09842104734,45356.603334099804,49627.70167773783,-4271.098343638027,41759.94183191811,30082.33857522762,false,FY2026 Reforecast
Base_Targeted,2026-09-30,2026,2026Q3,594298.9018587549,18752.627900761363,30317.969312047102,0.0,582733.5604474692,31784.11508603621,13031.487185274846,31784.11508603621,43349.456497321946,39403.07587162306,3946.380625698883,30082.33857522762,22463.377789640766,false,FY2026 Reforecast
Base_Targeted,2026-10-31,2026,2026Q4,582733.5604474694,18799.8805492831,30840.188216193856,0.0,570693.2527805585,31864.20432081882,13064.323771535715,31864.20432081882,43904.51198772957,34024.11368659543,9880.39830113414,22463.377789640766,20303.468423864153,false,FY2026 Reforecast
Base_Targeted,2026-11-30,2026,2026Q4,570693.2527805585,36835.74205825984,31863.40327336774,0.0,575665.5915654507,62433.46111569464,25597.719057434802,62433.46111569465,57461.122330802544,50132.28910093512,7328.833229867421,20303.468423864153,32604.64043862367,false,FY2026 Reforecast
Base_Targeted,2026-12-31,2026,2026Q4,575665.5915654507,36860.53310551487,32887.30697074316,0.0,579638.8177002224,62475.4798398557,25614.94673434084,62475.47983985571,58502.253705084,56952.58237048072,1549.6713346032775,32604.640438623675,38127.53790799866,false,FY2026 Reforecast
Base_Targeted,2027-01-31,2027,2027Q1,579638.8177002224,36860.53310551487,33431.59300111856,0.0,583067.7578046187,62475.4798398557,25614.94673434084,62475.47983985571,59046.5397354594,61245.146197711685,-2198.6064622522827,38127.53790799866,39357.87155014268,false,Forward Runway Projection
Base_Targeted,2027-02-28,2027,2027Q1,583067.7578046187,36747.42106871231,33746.12551363835,0.0,586069.0533596927,62283.76452324122,25536.3434545289,62283.76452324121,59282.468968167246,62360.68705408672,-3078.2180859194705,39357.87155014268,39280.94901929718,false,Forward Runway Projection
Base_Targeted,2027-03-31,2027,2027Q1,586069.0533596927,36619.18491519551,33442.11081203267,0.0,589246.1274628555,62066.415110500864,25447.230195305354,62066.415110500864,58889.34100733802,62190.03712671502,-3300.6961193769966,39280.94901929718,39157.327003083024,false,Forward Runway Projection
Base_Targeted,2027-04-30,2027,2027Q2,589246.1274628555,36494.12644088862,33658.09126791846,0.0,592082.1626358257,61854.45159472648,25360.325153837854,61854.45159472647,59018.416421756316,61988.14814315182,-2969.731721395503,39157.327003083024,39023.63045465769,false,Forward Runway Projection
Base_Targeted,2027-05-31,2027,2027Q2,592082.1626358257,36372.16690321489,33416.630033118876,0.0,595037.6995059217,61647.740513923556,25275.573610708656,61647.74051392355,58692.20364382753,61779.33946640175,-3087.135822574215,39023.63045465769,38892.031502179496,false,Forward Runway Projection
Base_Targeted,2027-06-30,2027,2027Q2,595037.6995059217,36253.229510830846,33752.688205447506,0.0,597538.240811305,61446.15171327263,25192.922202441776,61446.15171327262,58945.61040788928,61574.489656715006,-2628.879248825724,38892.031502179496,38763.69355873712,false,Forward Runway Projection
Base_Targeted,2027-07-31,2027,2027Q3,597538.240811305,36137.23937527489,34377.168735732914,0.0,599298.311450847,61249.55826317778,25112.31888790289,61249.55826317778,59489.4876236358,61374.71600506596,-1885.2283814301554,38763.69355873712,38638.53581684894,false,Forward Runway Projection
Base_Targeted,2027-08-31,2027,2027Q3,599298.311450847,36024.12346381411,34571.14400069998,0.0,600751.2909139611,61057.83637934596,25033.71291553184,61057.83637934595,59604.856916231816,61179.89272476011,-1575.0358085282933,38638.53581684894,38516.47947143479,false,Forward Runway Projection
Base_Targeted,2027-09-30,2027,2027Q3,600751.2909139611,35913.810553459516,34913.91619982385,0.0,601751.1852675967,60870.865344846636,24957.05479138712,60870.865344846636,59870.97099121097,60989.89714608488,-1118.9261548739087,38516.47947143479,38397.44767019655,false,Forward Runway Projection
Base_Targeted,2027-10-31,2027,2027Q4,601751.1852675967,35806.23118612072,35281.991768104985,0.0,602275.4246856124,60688.527434102914,24882.296247982194,60688.527434102914,60164.28801608718,60804.60963907099,-640.3216229838144,38397.44767019655,38281.36546522847,false,Forward Runway Projection
Base_Targeted,2027-11-30,2027,2027Q4,602275.4246856124,35701.31762487197,35181.31478987921,0.0,602795.4275206052,60510.70783876605,24809.39021389408,60510.707838766044,59990.705003773284,60623.91353816801,-633.2085343947256,38281.36546522847,38168.15976582651,false,Forward Runway Projection
Base_Targeted,2027-12-31,2027,2027Q4,602795.4275206052,35599.00381130182,34170.81458360982,0.0,604223.6167482971,60337.294595426814,24738.29078412499,60337.294595426814,58909.10536773481,60447.69506878628,-1538.5897010514673,38168.15976582651,38057.759292467046,false,Forward Runway Projection
Bear,2024-01-31,2024,2024Q1,0.0,17266.236011999998,479.6176669999999,0.0,16786.618345,29264.806800000002,11998.570788,29264.8068,12478.188455000001,17266.236012,-4788.047557,0.0,11998.570788,true,Actual
Bear,2024-02-29,2024,2024Q1,16786.618345000003,25424.250618,1185.8468508333333,0.0,41025.02211216667,43091.9502,17667.699581999997,43091.95019999999,18853.54643283333,32155.156182,-13301.60974916667,11998.570788,22935.364806,true,Actual
Bear,2024-03-31,2024,2024Q1,41025.02211216668,47563.714173,2507.061133416667,0.0,86081.67515175001,80616.4647,33052.750527,80616.4647,35559.811660416664,61571.935671,-26012.124010583335,22935.364805999998,41979.893834999995,true,Actual
Bear,2024-04-30,2024,2024Q2,86081.67515175001,28718.830028999993,3304.806412,0.0,111495.69876875001,48675.9831,19957.153070999997,48675.98309999999,23261.959483,54464.08221,-31202.122727,41979.893834999995,36191.79472499999,true,Actual
Bear,2024-05-31,2024,2024Q2,111495.69876875002,45064.77135599999,4556.605616333333,0.0,152003.86450841668,76380.9684,31316.197043999997,76380.96839999998,35872.80266033333,69270.230535,-33397.42787466667,36191.79472499999,43302.532589999995,true,Actual
Bear,2024-06-30,2024,2024Q2,152003.86450841668,24155.135307,5227.581597083334,0.0,170931.41821833333,40940.9073,16785.771993000002,40940.907300000006,22013.353590083338,51762.05426099999,-29748.700670916653,43302.532589999995,32481.385629000004,true,Actual
Bear,2024-07-31,2024,2024Q3,170931.41821833333,13655.940284999999,5606.913271666667,0.0,178980.44523166667,23145.6615,9489.721214999998,23145.661499999995,15096.634486666666,35712.723864,-20616.089377333334,32481.385629000004,19914.323265000003,true,Actual
Bear,2024-08-31,2024,2024Q3,178980.44523166667,29041.013924999996,6413.608102916667,0.0,201607.85105375,49222.0575,20181.043575,49222.057499999995,26594.651677916667,43151.481827999996,-16556.83015008333,19914.323265000003,25984.89893700001,true,Actual
Bear,2024-09-30,2024,2024Q3,201607.85105375,23574.011384999994,7068.441752500001,0.0,218113.42068625,39955.9515,16381.940115,39955.951499999996,23450.3818675,39773.11351200001,-16322.73164450001,25984.89893700001,26167.736925,true,Actual
Bear,2024-10-31,2024,2024Q4,218113.42068625,22555.510727999997,7694.983717166668,0.0,232973.94769708332,38229.6792,15674.168471999998,38229.6792,23369.152189166663,39562.29408299999,-16193.14189383333,26167.736925,24835.122042000006,true,Actual
Bear,2024-11-30,2024,2024Q4,232973.94769708332,39325.688840999996,8787.363962750002,0.0,263512.2725753333,66653.70989999999,27328.021058999995,66653.70989999999,36115.38502175,55681.23056699999,-19565.84554524999,24835.122042000003,35807.601375,true,Actual
Bear,2024-12-31,2024,2024Q4,263512.2725753333,71977.01123699998,10786.725386000002,0.0,324702.5584263333,121994.9343,50017.923063,121994.9343,60804.648449,94257.757662,-33453.109213,35807.601375,63544.77801299999,true,Actual
Bear,2025-01-31,2025,2025Q1,324702.5584263333,50350.416509999995,12185.348066833336,0.0,362867.6268695,85339.689,34989.272489999996,85339.68899999998,47174.62055683333,89269.957953,-42095.33739616667,63544.77801299999,59614.50905999998,true,Actual
Bear,2025-02-28,2025,2025Q1,362867.6268695,33630.907125,13119.53993141667,0.0,383378.9940630833,57001.5375,23370.630374999997,57001.53749999999,36490.170306416665,73004.474793,-36514.304486583336,59614.50905999998,43611.57176699998,true,Actual
Bear,2025-03-31,2025,2025Q1,383378.9940630833,33716.419541999996,14056.107140916669,0.0,403039.3064641666,57146.47379999999,23430.054257999996,57146.47379999999,37486.161398916665,63654.12699899999,-26167.965600083327,43611.57176699998,37103.91856799998,true,Actual
Bear,2025-04-30,2025,2025Q2,403039.3064641666,34553.410239,15015.924092000003,0.0,422576.7926111666,58565.10209999999,24011.691860999996,58565.10209999999,39027.615953,59090.90202299999,-20063.286069999987,37103.91856799998,36578.11864499998,true,Actual
Bear,2025-05-31,2025,2025Q2,422576.7926111666,21130.052733,15602.870001250003,0.0,428103.9753429166,35813.6487,14683.595967,35813.6487,30286.465968250002,44880.594048,-14594.128079749997,36578.11864499998,27511.17329699998,true,Actual
Bear,2025-06-30,2025,2025Q2,428103.9753429166,35119.680321,16578.416676833338,0.0,446645.23898708326,59524.8819,24405.201579,59524.8819,40983.61825583334,53841.792768,-12858.17451216666,27511.17329699998,33194.26242899998,true,Actual
Bear,2025-07-31,2025,2025Q3,446645.23898708326,17644.628736000002,17068.545252833337,0.0,447221.3224702499,29906.150400000002,12261.521664,29906.150400000002,29330.066916833337,38691.866474999995,-9361.799558166658,33194.26242899998,24408.546353999987,true,Actual
Bear,2025-08-31,2025,2025Q3,447221.3224702499,22877.402396999998,17704.028652750003,0.0,452394.6962144999,38775.2583,15897.855903,38775.2583,33601.88455575,39521.846403,-5919.961847250001,24408.546353999987,23661.958250999985,true,Actual
Bear,2025-09-30,2025,2025Q3,452394.6962144999,39626.64672,18804.76883941667,0.0,473216.5740950832,67163.808,27537.161279999997,67163.80799999999,46341.93011941666,55112.812461,-8770.88234158334,23661.958250999982,35712.953789999985,true,Actual
Bear,2025-10-31,2025,2025Q4,473216.5740950832,25615.828868999997,19516.319641333335,0.0,479316.0833227499,43416.6591,17800.830230999996,43416.65909999999,37317.149872333335,47688.286887,-10371.137014666667,35712.953789999985,31441.32600299998,true,Actual
Bear,2025-11-30,2025,2025Q4,479316.0833227499,61260.70182,21218.005803000004,0.0,519358.7793397499,103831.698,42570.996179999995,103831.698,63789.001982999995,82200.476865,-18411.47488200001,31441.32600299998,53072.54713799998,true,Actual
Bear,2025-12-31,2025,2025Q4,519358.77933974995,43277.226939,22420.150995750002,0.0,540215.8552829999,73351.2321,30074.005160999997,73351.2321,52494.15615675,75923.402073,-23429.24591625,53072.54713799998,50500.37716499997,true,Actual
Bear,2026-01-31,2026,2026Q1,540215.8552829999,26086.602318,23144.77883791667,0.0,543157.6787630833,44214.5802,18127.977882,44214.5802,41272.756719916666,59230.48978499999,-17957.733065083325,50500.37716499997,35484.467579999975,true,Actual
Bear,2026-02-28,2026,2026Q1,543157.6787630833,22419.970499999992,23767.555796250002,0.0,541810.0934668332,37999.94999999999,15579.979499999998,37999.94999999999,39347.535296250004,47011.76435999999,-7664.229063749983,35484.467579999975,26472.65321999998,true,Actual
Bear,2026-03-31,2026,2026Q1,541810.0934668332,28985.554868999996,24572.71009816667,0.0,546222.9382376666,49128.0591,20142.504231,49128.0591,44715.21432916667,46849.633880999994,-2134.4195518333217,26472.65321999998,28751.078438999983,true,Actual
Bear,2026-04-30,2026,2026Q2,546222.9382376666,50107.773758999996,25964.592702583337,0.0,570366.1192940833,84928.4301,34820.656341,84928.4301,60785.24904358334,68495.80355999999,-7710.554516416647,28751.078438999983,45183.704978999995,true,Actual
Bear,2026-05-31,2026,2026Q2,570366.1192940833,35637.161061,26954.51384316667,0.0,579048.7665119166,60401.9679,24764.806838999997,60401.967899999996,51719.32068216667,63568.626258,-11849.305575833328,45183.704978999995,42017.046621,true,Actual
Bear,2026-06-30,2026,2026Q2,579048.7665119166,41578.335804,28109.467615500005,0.0,592517.6347004166,70471.7556,28893.419796000002,70471.7556,57002.88741150001,69325.890999,-12323.003587499988,42017.046621,43162.91122200001,true,Actual
Bear,2026-07-31,2026,2026Q3,592517.6347004166,32608.44384053883,29015.25772218164,0.0,596110.8208187738,55268.5488822692,22660.10504173037,55268.5488822692,51675.36276391201,60670.36033853883,-8994.997574626817,43162.91122200001,37761.09976573038,false,FY2026 Reforecast
Bear,2026-08-31,2026,2026Q3,596110.8208187737,19031.974358155236,29543.92367657484,0.0,585598.8715003541,32257.583657890234,13225.609299734995,32257.58365789023,42769.532976309834,44025.86510107716,-1256.332124767323,37761.09976573038,25992.818322543462,false,FY2026 Reforecast
Bear,2026-09-30,2026,2026Q3,585598.8715003541,15939.733715647155,29986.694057565037,0.0,571551.9111584362,27016.497823130772,11076.764107483617,27016.497823130772,41063.45816504865,33915.445024479595,7148.013140569055,25992.818322543462,19093.87112119464,false,FY2026 Reforecast
Bear,2026-10-31,2026,2026Q4,571551.9111584362,15979.898466890634,30430.580126089775,0.0,557101.229499237,27084.57367269599,11104.675205805355,27084.573672695988,41535.25533189513,28920.496633606115,12614.758698289017,19093.87112119464,17257.948160284515,false,FY2026 Reforecast
Bear,2026-11-30,2026,2026Q4,557101.229499237,28159.084147600406,31212.776907967564,0.0,554047.5367388699,47727.261267119335,19568.17711951893,47727.261267119335,50780.95402748649,39461.1491338744,11319.80489361209,17257.948160284515,25524.06029352945,false,FY2026 Reforecast
Bear,2026-12-31,2026,2026Q4,554047.5367388699,28159.084147600406,31994.973689845352,0.0,550211.6471966249,47727.261267119335,19568.17711951893,47727.261267119335,51563.15080936428,44008.854466140525,7554.296343223752,25524.06029352945,29242.467094508258,false,FY2026 Reforecast
Bear,2027-01-31,2027,2027Q1,550211.6471966249,28159.084147600406,32297.55280472314,0.0,546073.1785395022,47727.261267119335,19568.17711951893,47727.261267119335,51865.72992424207,46901.5537633424,4964.176160899668,29242.467094508258,30068.17459828519,false,Forward Runway Projection
Bear,2027-02-28,2027,2027Q1,546073.1785395022,28159.084147600406,32373.52040276759,0.0,541858.742284335,47727.261267119335,19568.17711951893,47727.261267119335,51941.697522286515,47727.261267119335,4214.43625516718,30068.17459828519,30068.17459828519,false,Forward Runway Projection
Bear,2027-03-31,2027,2027Q1,541858.742284335,28159.084147600406,31834.502902062046,0.0,538183.3235298733,47727.261267119335,19568.17711951893,47727.261267119335,51402.68002158098,47727.261267119335,3675.4187544616434,30068.17459828519,30068.17459828519,false,Forward Runway Projection
Bear,2027-04-30,2027,2027Q2,538183.3235298733,28159.084147600406,31818.9544053565,0.0,534523.4532721172,47727.261267119335,19568.17711951893,47727.261267119335,51387.131524875425,47727.261267119335,3659.8702577560907,30068.17459828519,30068.17459828519,false,Forward Runway Projection
Bear,2027-05-31,2027,2027Q2,534523.4532721172,28159.084147600406,31349.351982900957,0.0,531333.1854368167,47727.261267119335,19568.17711951893,47727.261267119335,50917.52910241988,47727.261267119335,3190.2678353005467,30068.17459828519,30068.17459828519,false,Forward Runway Projection
Bear,2027-06-30,2027,2027Q2,531333.1854368167,28159.084147600406,31460.572784028744,0.0,528031.6968003883,47727.261267119335,19568.17711951893,47727.261267119335,51028.74990354767,47727.261267119335,3301.4886364283375,30068.17459828519,30068.17459828519,false,Forward Runway Projection
Bear,2027-07-31,2027,2027Q3,528031.6968003883,28159.084147600406,31863.4378913232,0.0,524327.3430566655,47727.261267119335,19568.17711951893,47727.261267119335,51431.61501084213,47727.261267119335,3704.3537437227933,30068.17459828519,30068.17459828519,false,Forward Runway Projection
Bear,2027-08-31,2027,2027Q3,524327.3430566655,28159.084147600406,31838.93984195099,0.0,520647.48736231495,47727.261267119335,19568.17711951893,47727.261267119335,51407.11696146992,47727.261267119335,3679.855694350583,30068.17459828519,30068.17459828519,false,Forward Runway Projection
Bear,2027-09-30,2027,2027Q3,520647.48736231495,28159.084147600406,31966.302974245442,0.0,516840.2685356699,47727.261267119335,19568.17711951893,47727.261267119335,51534.480093764374,47727.261267119335,3807.2188266450394,30068.17459828519,30068.17459828519,false,Forward Runway Projection
Bear,2027-10-31,2027,2027Q4,516840.2685356699,28159.084147600406,32121.957791456563,0.0,512877.39489181375,47727.261267119335,19568.17711951893,47727.261267119335,51690.134910975496,47727.261267119335,3962.873643856161,30068.17459828519,30068.17459828519,false,Forward Runway Projection
Bear,2027-11-30,2027,2027Q4,512877.39489181375,28159.084147600406,31811.77432775102,0.0,509224.70471166313,47727.261267119335,19568.17711951893,47727.261267119335,51379.95144726995,47727.261267119335,3652.6901801506174,30068.17459828519,30068.17459828519,false,Forward Runway Projection
Bear,2027-12-31,2027,2027Q4,509224.7047116633,28159.084147600406,30594.60968637881,0.0,506789.1791728849,47727.261267119335,19568.17711951893,47727.261267119335,50162.78680589774,47727.261267119335,2435.5255387784055,30068.17459828519,30068.17459828519,false,Forward Runway Projection
Bull,2024-01-31,2024,2024Q1,0.0,17266.236011999998,479.6176669999999,0.0,16786.618345,29264.806800000002,11998.570788,29264.8068,12478.188455000001,17266.236012,-4788.047557,0.0,11998.570788,true,Actual
Bull,2024-02-29,2024,2024Q1,16786.618345000003,25424.250618,1185.8468508333333,0.0,41025.02211216667,43091.9502,17667.699581999997,43091.95019999999,18853.54643283333,32155.156182,-13301.60974916667,11998.570788,22935.364806,true,Actual
Bull,2024-03-31,2024,2024Q1,41025.02211216668,47563.714173,2507.061133416667,0.0,86081.67515175001,80616.4647,33052.750527,80616.4647,35559.811660416664,61571.935671,-26012.124010583335,22935.364805999998,41979.893834999995,true,Actual
Bull,2024-04-30,2024,2024Q2,86081.67515175001,28718.830028999993,3304.806412,0.0,111495.69876875001,48675.9831,19957.153070999997,48675.98309999999,23261.959483,54464.08221,-31202.122727,41979.893834999995,36191.79472499999,true,Actual
Bull,2024-05-31,2024,2024Q2,111495.69876875002,45064.77135599999,4556.605616333333,0.0,152003.86450841668,76380.9684,31316.197043999997,76380.96839999998,35872.80266033333,69270.230535,-33397.42787466667,36191.79472499999,43302.532589999995,true,Actual
Bull,2024-06-30,2024,2024Q2,152003.86450841668,24155.135307,5227.581597083334,0.0,170931.41821833333,40940.9073,16785.771993000002,40940.907300000006,22013.353590083338,51762.05426099999,-29748.700670916653,43302.532589999995,32481.385629000004,true,Actual
Bull,2024-07-31,2024,2024Q3,170931.41821833333,13655.940284999999,5606.913271666667,0.0,178980.44523166667,23145.6615,9489.721214999998,23145.661499999995,15096.634486666666,35712.723864,-20616.089377333334,32481.385629000004,19914.323265000003,true,Actual
Bull,2024-08-31,2024,2024Q3,178980.44523166667,29041.013924999996,6413.608102916667,0.0,201607.85105375,49222.0575,20181.043575,49222.057499999995,26594.651677916667,43151.481827999996,-16556.83015008333,19914.323265000003,25984.89893700001,true,Actual
Bull,2024-09-30,2024,2024Q3,201607.85105375,23574.011384999994,7068.441752500001,0.0,218113.42068625,39955.9515,16381.940115,39955.951499999996,23450.3818675,39773.11351200001,-16322.73164450001,25984.89893700001,26167.736925,true,Actual
Bull,2024-10-31,2024,2024Q4,218113.42068625,22555.510727999997,7694.983717166668,0.0,232973.94769708332,38229.6792,15674.168471999998,38229.6792,23369.152189166663,39562.29408299999,-16193.14189383333,26167.736925,24835.122042000006,true,Actual
Bull,2024-11-30,2024,2024Q4,232973.94769708332,39325.688840999996,8787.363962750002,0.0,263512.2725753333,66653.70989999999,27328.021058999995,66653.70989999999,36115.38502175,55681.23056699999,-19565.84554524999,24835.122042000003,35807.601375,true,Actual
Bull,2024-12-31,2024,2024Q4,263512.2725753333,71977.01123699998,10786.725386000002,0.0,324702.5584263333,121994.9343,50017.923063,121994.9343,60804.648449,94257.757662,-33453.109213,35807.601375,63544.77801299999,true,Actual
Bull,2025-01-31,2025,2025Q1,324702.5584263333,50350.416509999995,12185.348066833336,0.0,362867.6268695,85339.689,34989.272489999996,85339.68899999998,47174.62055683333,89269.957953,-42095.33739616667,63544.77801299999,59614.50905999998,true,Actual
Bull,2025-02-28,2025,2025Q1,362867.6268695,33630.907125,13119.53993141667,0.0,383378.9940630833,57001.5375,23370.630374999997,57001.53749999999,36490.170306416665,73004.474793,-36514.304486583336,59614.50905999998,43611.57176699998,true,Actual
Bull,2025-03-31,2025,2025Q1,383378.9940630833,33716.419541999996,14056.107140916669,0.0,403039.3064641666,57146.47379999999,23430.054257999996,57146.47379999999,37486.161398916665,63654.12699899999,-26167.965600083327,43611.57176699998,37103.91856799998,true,Actual
Bull,2025-04-30,2025,2025Q2,403039.3064641666,34553.410239,15015.924092000003,0.0,422576.7926111666,58565.10209999999,24011.691860999996,58565.10209999999,39027.615953,59090.90202299999,-20063.286069999987,37103.91856799998,36578.11864499998,true,Actual
Bull,2025-05-31,2025,2025Q2,422576.7926111666,21130.052733,15602.870001250003,0.0,428103.9753429166,35813.6487,14683.595967,35813.6487,30286.465968250002,44880.594048,-14594.128079749997,36578.11864499998,27511.17329699998,true,Actual
Bull,2025-06-30,2025,2025Q2,428103.9753429166,35119.680321,16578.416676833338,0.0,446645.23898708326,59524.8819,24405.201579,59524.8819,40983.61825583334,53841.792768,-12858.17451216666,27511.17329699998,33194.26242899998,true,Actual
Bull,2025-07-31,2025,2025Q3,446645.23898708326,17644.628736000002,17068.545252833337,0.0,447221.3224702499,29906.150400000002,12261.521664,29906.150400000002,29330.066916833337,38691.866474999995,-9361.799558166658,33194.26242899998,24408.546353999987,true,Actual
Bull,2025-08-31,2025,2025Q3,447221.3224702499,22877.402396999998,17704.028652750003,0.0,452394.6962144999,38775.2583,15897.855903,38775.2583,33601.88455575,39521.846403,-5919.961847250001,24408.546353999987,23661.958250999985,true,Actual
Bull,2025-09-30,2025,2025Q3,452394.6962144999,39626.64672,18804.76883941667,0.0,473216.5740950832,67163.808,27537.161279999997,67163.80799999999,46341.93011941666,55112.812461,-8770.88234158334,23661.958250999982,35712.953789999985,true,Actual
Bull,2025-10-31,2025,2025Q4,473216.5740950832,25615.828868999997,19516.319641333335,0.0,479316.0833227499,43416.6591,17800.830230999996,43416.65909999999,37317.149872333335,47688.286887,-10371.137014666667,35712.953789999985,31441.32600299998,true,Actual
Bull,2025-11-30,2025,2025Q4,479316.0833227499,61260.70182,21218.005803000004,0.0,519358.7793397499,103831.698,42570.996179999995,103831.698,63789.001982999995,82200.476865,-18411.47488200001,31441.32600299998,53072.54713799998,true,Actual
Bull,2025-12-31,2025,2025Q4,519358.77933974995,43277.226939,22420.150995750002,0.0,540215.8552829999,73351.2321,30074.005160999997,73351.2321,52494.15615675,75923.402073,-23429.24591625,53072.54713799998,50500.37716499997,true,Actual
Bull,2026-01-31,2026,2026Q1,540215.8552829999,26086.602318,23144.77883791667,0.0,543157.6787630833,44214.5802,18127.977882,44214.5802,41272.756719916666,59230.48978499999,-17957.733065083325,50500.37716499997,35484.467579999975,true,Actual
Bull,2026-02-28,2026,2026Q1,543157.6787630833,22419.970499999992,23767.555796250002,0.0,541810.0934668332,37999.94999999999,15579.979499999998,37999.94999999999,39347.535296250004,47011.76435999999,-7664.229063749983,35484.467579999975,26472.65321999998,true,Actual
Bull,2026-03-31,2026,2026Q1,541810.0934668332,28985.554868999996,24572.71009816667,0.0,546222.9382376666,49128.0591,20142.504231,49128.0591,44715.21432916667,46849.633880999994,-2134.4195518333217,26472.65321999998,28751.078438999983,true,Actual
Bull,2026-04-30,2026,2026Q2,546222.9382376666,50107.773758999996,25964.592702583337,0.0,570366.1192940833,84928.4301,34820.656341,84928.4301,60785.24904358334,68495.80355999999,-7710.554516416647,28751.078438999983,45183.704978999995,true,Actual
Bull,2026-05-31,2026,2026Q2,570366.1192940833,35637.161061,26954.51384316667,0.0,579048.7665119166,60401.9679,24764.806838999997,60401.967899999996,51719.32068216667,63568.626258,-11849.305575833328,45183.704978999995,42017.046621,true,Actual
Bull,2026-06-30,2026,2026Q2,579048.7665119166,41578.335804,28109.467615500005,0.0,592517.6347004166,70471.7556,28893.419796000002,70471.7556,57002.88741150001,69325.890999,-12323.003587499988,42017.046621,43162.91122200001,true,Actual
Bull,2026-07-31,2026,2026Q3,592517.6347004166,45027.28332421439,29360.225485617073,0.0,608184.6925390139,76317.42936307524,31290.146038860847,76317.42936307524,60650.371524477916,73089.19982221439,-12438.828297736472,43162.91122200001,46391.14076286086,false,FY2026 Reforecast
Bull,2026-08-31,2026,2026Q3,608184.6925390138,26659.118730401293,30100.756561461552,0.0,604743.0547079536,45184.947000680164,18525.828270278867,45184.94700068016,48626.584831740416,56494.2519839086,-7867.667152168186,46391.140762860865,35081.83577963243,false,FY2026 Reforecast
Bull,2026-09-30,2026,2026Q3,604743.0547079536,22475.499037596244,30725.075979172558,0.0,596493.4777663773,38094.06616541737,15618.56712782112,38094.06616541736,46343.64310699368,46371.34718258321,-27.704075589528657,35081.83577963243,26804.554762466585,false,FY2026 Reforecast
Bull,2026-10-31,2026,2026Q4,596493.4777663773,22529.839583396246,31350.90485648912,0.0,587672.4124932844,38186.168785417365,15656.32920202112,38186.168785417365,47007.234058510236,40670.064556060475,6337.16950244976,26804.554762466585,24320.658991823475,false,FY2026 Reforecast
Bull,2026-11-30,2026,2026Q4,587672.4124932844,46752.07000521988,32649.573467745227,0.0,601774.9090307591,79240.79661901675,32488.72661379687,79240.79661901675,65138.3000815421,62675.455969051516,2462.8441124905803,24320.658991823475,40885.99964178871,false,FY2026 Reforecast
Bull,2026-12-31,2026,2026Q4,601774.9090307591,46956.78079259793,33953.928489761834,0.0,614777.7613335953,79587.76405525074,32630.9832626528,79587.76405525074,66584.91175241463,72051.99029154691,-5467.078539132286,40885.99964178871,48421.77340549253,false,FY2026 Reforecast
Bull,2027-01-31,2027,2027Q1,614777.7613335953,46801.71962977444,34774.35859025557,0.0,626805.1223731141,79324.94852504143,32523.228895266984,79324.94852504143,67297.58748552256,77728.06364056114,-10430.476155038588,48421.77340549253,50018.65828997282,false,Forward Runway Projection
Bull,2027-02-28,2027,2027Q1,626805.1223731141,46650.50086724023,35363.97665273446,0.0,638091.6465876199,79068.64553769532,32418.144670455076,79068.64553769531,67782.12132318954,79207.15786049554,-11425.036537306005,50018.65828997282,49880.1459671726,false,Forward Runway Projection
Bull,2027-03-31,2027,2027Q1,638091.6465876199,46503.02929069591,35334.51318378157,0.0,649260.1626945343,78818.6937130439,32315.664422348003,78818.6937130439,67650.17760612958,78977.82112008164,-11327.643513952062,49880.1459671726,49721.01856013486,false,Forward Runway Projection
Bull,2027-04-30,2027,2027Q2,649260.1626945343,46359.21204524298,35824.52379534387,0.0,659794.8509444334,78574.93566990337,32215.72362466038,78574.93566990335,68040.24742000425,78730.11991552208,-10689.872495517833,49721.01856013486,49565.83431451614,false,Forward Runway Projection
Bull,2027-05-31,2027,2027Q2,659794.8509444334,46218.9585769182,35856.58455148049,0.0,670157.2249698711,78337.21792698,32118.259350061802,78337.21792698,67974.84390154229,78488.55672232993,-10513.712820787638,49565.83431451614,49414.49551916621,false,Forward Runway Projection
Bull,2027-06-30,2027,2027Q2,670157.2249698711,46082.180575676546,36465.66914227706,0.0,679773.7364032706,78105.39080623144,32023.21023055489,78105.39080623144,68488.87937283196,78252.97944119017,-9764.10006835821,49414.49551916621,49266.906884207485,false,Forward Runway Projection
Bull,2027-07-31,2027,2027Q3,679773.7364032706,45948.79191978719,37362.69279879893,0.0,688359.8355242589,77879.30833862236,31930.516418835163,77879.30833862236,69293.2092176341,78023.23974179376,-8730.030524159665,49266.906884207485,49122.97548103608,false,Forward Runway Projection
Bull,2027-08-31,2027,2027Q3,688359.8355242589,45818.70862160729,37828.7398737047,0.0,696349.8042721614,77658.82817221576,31840.119550608462,77658.82817221576,69668.85942431315,77799.19296944204,-8130.333545128888,49122.97548103608,48982.6106838098,false,Forward Runway Projection
Bull,2027-09-30,2027,2027Q3,696349.8042721614,45691.84877469951,38443.12424564079,0.0,703598.5288012201,77443.81148254155,31751.96270784203,77443.81148254154,70195.08695348282,77580.69805396552,-7385.611100482696,48982.6106838098,48845.72411238583,false,Forward Runway Projection
Bull,2027-10-31,2027,2027Q4,703598.5288012201,45568.1325022599,39082.36373937023,0.0,710084.2975641098,77234.12288518627,31665.99038292637,77234.12288518627,70748.3541222966,77367.61742089955,-6619.263298602949,48845.72411238583,48712.22957667255,false,Forward Runway Projection
Bull,2027-11-30,2027,2027Q4,710084.2975641098,45267.02911811255,39247.40096929002,0.0,716103.9257129324,76723.77816629245,31456.749048179903,76723.77816629245,70704.15001746992,76979.36411614984,-6275.21409867992,48712.22957667255,48456.64362681517,false,Forward Runway Projection
Bull,2027-12-31,2027,2027Q4,716103.9257129321,44965.0496180446,38497.06870209682,0.0,722571.90662888,76211.94850516034,31246.898887115738,76211.94850516034,69743.96758921255,76522.0482595196,-6778.080670307041,48456.64362681517,48146.54387245591,false,Forward Runway Projection
