contract_id,customer_id,segment,contract_type,renewal_date,renewal_month,atr_arr,contract_net_acv,months_to_renewal
CTR-00020-08,CUST-00020,SMB,annual,2027-06-29,2027-06-30,6681.00,6902.30,12
CTR-00021-08,CUST-00021,SMB,annual,2027-06-10,2027-06-30,1780.44,1834.58,12
CTR-00026-07,CUST-00026,SMB,annual,2026-09-23,2026-09-30,1666.20,1666.24,3
CTR-00029-07,CUST-00029,SMB,annual,2026-10-28,2026-10-31,6127.08,5218.68,4
CTR-00044-08,CUST-00044,Mid-Market,annual,2027-01-21,2027-01-31,35247.96,25177.11,7
CTR-00046-08,CUST-00046,Mid-Market,annual,2027-03-16,2027-03-31,54416.76,54416.80,9
CTR-00048-08,CUST-00048,Mid-Market,annual,2027-04-28,2027-04-30,106071.00,106071.01,10
CTR-00050-08,CUST-00050,Mid-Market,annual,2027-06-30,2027-06-30,91427.16,95647.86,12
CTR-00052-07,CUST-00052,Mid-Market,annual,2026-07-28,2026-07-31,46533.96,46533.96,1
CTR-00053-07,CUST-00053,Mid-Market,annual,2026-09-04,2026-09-30,33381.24,33381.33,3
CTR-00054-07,CUST-00054,Mid-Market,annual,2026-09-30,2026-09-30,15485.40,15485.38,3
CTR-00055-07,CUST-00055,Mid-Market,annual,2026-11-02,2026-11-30,108463.32,80085.96,5
CTR-00058-04,CUST-00058,Mid-Market,multi_year,2027-12-19,2027-12-31,43816.08,43816.04,18
CTR-00059-07,CUST-00059,Mid-Market,annual,2026-12-19,2026-12-31,15984.96,15984.93,6
CTR-00060-07,CUST-00060,SMB,annual,2027-01-28,2027-01-31,14779.56,12006.79,7
CTR-00067-07,CUST-00067,SMB,annual,2027-02-16,2027-02-28,2191.80,2191.84,8
CTR-00070-07,CUST-00070,SMB,annual,2027-03-01,2027-03-31,5115.96,5115.89,9
CTR-00084-07,CUST-00084,SMB,annual,2027-03-18,2027-03-31,8955.24,8955.29,9
CTR-00095-07,CUST-00095,SMB,annual,2027-05-26,2027-05-31,8956.44,8956.44,11
CTR-00099-07,CUST-00099,SMB,annual,2027-06-28,2027-06-30,4138.08,4339.03,12
CTR-00104-07,CUST-00104,SMB,annual,2027-06-09,2027-06-30,5251.32,3751.08,12
CTR-00132-06,CUST-00132,SMB,annual,2026-11-27,2026-11-30,3516.36,3516.34,5
CTR-00140-06,CUST-00140,SMB,annual,2026-12-26,2026-12-31,4170.00,4170.03,6
CTR-00142-06,CUST-00142,SMB,annual,2026-12-14,2026-12-31,3121.20,3121.21,6
CTR-00146-06,CUST-00146,SMB,annual,2026-12-17,2026-12-31,4417.56,4417.51,6
CTR-00150-06,CUST-00150,SMB,annual,2026-12-06,2026-12-31,5324.04,5324.03,6
CTR-00156-07,CUST-00156,Mid-Market,annual,2027-01-29,2027-01-31,43257.24,35820.23,7
CTR-00163-07,CUST-00163,Mid-Market,annual,2027-03-07,2027-03-31,56000.52,56000.48,9
CTR-00164-07,CUST-00164,Mid-Market,annual,2027-03-19,2027-03-31,23021.88,23021.84,9
CTR-00165-07,CUST-00165,Mid-Market,annual,2027-04-22,2027-04-30,29804.88,29804.85,10
CTR-00166-03,CUST-00166,Mid-Market,multi_year,2027-04-27,2027-04-30,39264.24,36750.62,10
CTR-00169-07,CUST-00169,Mid-Market,annual,2027-07-01,2027-07-31,54583.20,42594.43,13
CTR-00170-07,CUST-00170,Mid-Market,annual,2027-06-30,2027-06-30,23830.80,23831.83,12
CTR-00172-06,CUST-00172,Mid-Market,annual,2026-07-28,2026-07-31,55306.92,48307.23,1
CTR-00174-06,CUST-00174,Mid-Market,annual,2026-08-31,2026-08-31,50923.68,50923.66,2
CTR-00175-06,CUST-00175,Mid-Market,annual,2026-08-13,2026-08-31,17030.88,10998.66,2
CTR-00176-06,CUST-00176,Mid-Market,annual,2026-09-30,2026-09-30,16787.40,16787.40,3
CTR-00178-06,CUST-00178,Mid-Market,annual,2026-10-13,2026-10-31,11215.08,9345.91,4
CTR-00179-06,CUST-00179,Mid-Market,annual,2026-10-31,2026-10-31,24244.08,24244.06,4
CTR-00180-06,CUST-00180,Mid-Market,annual,2026-10-08,2026-10-31,76190.40,76190.42,4
CTR-00181-06,CUST-00181,Mid-Market,annual,2026-11-28,2026-11-30,14837.88,14837.91,5
CTR-00182-06,CUST-00182,Mid-Market,annual,2026-12-01,2026-12-31,28015.56,28015.53,6
CTR-00183-06,CUST-00183,Mid-Market,annual,2026-11-27,2026-11-30,18385.44,18385.43,5
CTR-00184-06,CUST-00184,Mid-Market,annual,2026-12-23,2026-12-31,18530.16,18530.16,6
CTR-00185-06,CUST-00185,Mid-Market,annual,2026-12-27,2026-12-31,78741.72,56244.14,6
CTR-00186-03,CUST-00186,Mid-Market,multi_year,2027-01-03,2027-01-31,22597.32,22597.29,7
CTR-00187-06,CUST-00187,Mid-Market,annual,2026-12-31,2026-12-31,32993.28,22992.20,6
CTR-00188-06,CUST-00188,Mid-Market,annual,2027-01-04,2027-01-31,33703.80,24074.18,7
CTR-00189-06,CUST-00189,Mid-Market,annual,2026-12-15,2026-12-31,8593.08,8593.12,6
CTR-00191-06,CUST-00191,Enterprise,annual,2026-12-12,2026-12-31,71044.56,50746.11,6
CTR-00207-03,CUST-00207,SMB,multi_year,2027-02-24,2027-02-28,11149.08,11149.10,8
CTR-00208-06,CUST-00208,SMB,annual,2027-02-01,2027-02-28,4824.48,4824.41,8
CTR-00224-06,CUST-00224,SMB,annual,2027-03-11,2027-03-31,2514.24,2514.31,9
CTR-00226-06,CUST-00226,SMB,annual,2027-03-27,2027-03-31,4970.52,4970.57,9
CTR-00227-06,CUST-00227,SMB,annual,2027-03-23,2027-03-31,4498.68,3856.01,9
CTR-00233-06,CUST-00233,SMB,annual,2027-03-28,2027-03-31,5823.00,5823.03,9
CTR-00236-06,CUST-00236,SMB,annual,2027-04-21,2027-04-30,1642.32,1642.29,10
CTR-00248-06,CUST-00248,SMB,annual,2027-05-30,2027-05-31,2415.60,2415.55,11
CTR-00253-06,CUST-00253,SMB,annual,2027-05-29,2027-05-31,5814.60,5814.57,11
CTR-00255-06,CUST-00255,SMB,annual,2027-05-04,2027-05-31,2366.28,2366.27,11
CTR-00270-06,CUST-00270,SMB,annual,2027-06-08,2027-06-30,4215.96,3144.55,12
CTR-00274-05,CUST-00274,SMB,annual,2026-07-26,2026-07-31,6769.20,4923.02,1
CTR-00275-05,CUST-00275,SMB,annual,2026-07-10,2026-07-31,2593.08,2593.12,1
CTR-00276-05,CUST-00276,SMB,annual,2026-08-02,2026-08-31,3084.72,3084.78,2
CTR-00278-05,CUST-00278,SMB,annual,2026-07-29,2026-07-31,11534.40,8238.78,1
CTR-00279-05,CUST-00279,SMB,annual,2026-07-14,2026-07-31,5554.80,5554.71,1
CTR-00283-05,CUST-00283,SMB,annual,2026-08-25,2026-08-31,4609.32,2838.88,2
CTR-00290-05,CUST-00290,SMB,annual,2026-09-02,2026-09-30,6287.04,6287.03,3
CTR-00297-05,CUST-00297,SMB,annual,2026-09-16,2026-09-30,5823.00,5822.97,3
CTR-00303-05,CUST-00303,SMB,annual,2026-10-28,2026-10-31,4664.04,3331.39,4
CTR-00325-05,CUST-00325,SMB,annual,2027-01-03,2027-01-31,11680.20,11680.21,7
CTR-00327-05,CUST-00327,SMB,annual,2026-12-16,2026-12-31,2474.52,2474.52,6
CTR-00328-05,CUST-00328,SMB,annual,2026-12-28,2026-12-31,1290.00,1290.03,6
CTR-00331-05,CUST-00331,SMB,annual,2026-12-01,2026-12-31,10695.24,7639.43,6
CTR-00354-06,CUST-00354,Mid-Market,annual,2027-01-29,2027-01-31,28406.40,28406.31,7
CTR-00356-06,CUST-00356,Mid-Market,annual,2027-01-16,2027-01-31,33229.32,23159.80,7
CTR-00357-06,CUST-00357,Mid-Market,annual,2027-03-02,2027-03-31,62601.72,62601.72,9
CTR-00359-06,CUST-00359,Mid-Market,annual,2027-03-01,2027-03-31,29395.56,29395.60,9
CTR-00361-06,CUST-00361,Mid-Market,annual,2027-03-29,2027-03-31,63601.80,47362.96,9
CTR-00362-06,CUST-00362,Mid-Market,annual,2027-03-13,2027-03-31,54096.12,54096.13,9
CTR-00363-06,CUST-00363,Mid-Market,annual,2027-03-10,2027-03-31,34205.88,34205.87,9
CTR-00364-06,CUST-00364,Mid-Market,annual,2027-03-28,2027-03-31,48676.92,48676.87,9
CTR-00366-06,CUST-00366,Mid-Market,annual,2027-07-02,2027-07-31,50030.16,52151.01,13
CTR-00367-03,CUST-00367,Mid-Market,multi_year,2027-04-29,2027-04-30,70562.28,41903.48,10
CTR-00369-06,CUST-00369,Mid-Market,annual,2027-04-30,2027-04-30,40482.48,40482.43,10
CTR-00371-06,CUST-00371,Mid-Market,annual,2027-06-01,2027-06-30,60692.16,60692.22,12
CTR-00372-05,CUST-00372,Mid-Market,annual,2026-11-01,2026-11-30,20457.36,20457.41,5
CTR-00373-06,CUST-00373,Mid-Market,annual,2027-05-28,2027-05-31,21961.92,21961.94,11
CTR-00374-06,CUST-00374,Mid-Market,annual,2027-05-27,2027-05-31,15702.84,15702.83,11
CTR-00375-06,CUST-00375,Mid-Market,annual,2027-06-13,2027-06-30,58536.96,60529.51,12
CTR-00377-06,CUST-00377,Mid-Market,annual,2027-06-14,2027-06-30,12016.20,12015.49,12
CTR-00378-06,CUST-00378,Mid-Market,annual,2027-06-28,2027-06-30,58115.04,37461.55,12
CTR-00381-05,CUST-00381,Mid-Market,annual,2026-07-19,2026-07-31,67817.76,26844.53,1
CTR-00384-05,CUST-00384,Mid-Market,annual,2026-08-30,2026-08-31,42431.28,42431.24,2
CTR-00385-05,CUST-00385,Mid-Market,annual,2026-08-30,2026-08-31,29725.92,29725.93,2
CTR-00386-05,CUST-00386,Mid-Market,annual,2026-10-02,2026-10-31,19961.40,18963.36,4
CTR-00387-05,CUST-00387,Mid-Market,annual,2026-09-28,2026-09-30,35791.68,35791.58,3
CTR-00389-05,CUST-00389,Mid-Market,annual,2026-09-26,2026-09-30,27583.56,19702.61,3
CTR-00391-05,CUST-00391,Mid-Market,annual,2026-10-10,2026-10-31,38420.28,38420.30,4
CTR-00393-05,CUST-00393,Mid-Market,annual,2026-10-21,2026-10-31,29622.60,24411.97,4
CTR-00395-05,CUST-00395,Mid-Market,annual,2026-11-26,2026-11-30,22037.04,20935.23,5
CTR-00397-02,CUST-00397,Mid-Market,multi_year,2026-11-21,2026-11-30,42606.00,42605.90,5
CTR-00399-05,CUST-00399,Mid-Market,annual,2026-12-10,2026-12-31,18088.20,16078.45,6
CTR-00400-05,CUST-00400,Mid-Market,annual,2026-12-13,2026-12-31,59094.96,59094.95,6
CTR-00403-05,CUST-00403,Mid-Market,annual,2026-12-23,2026-12-31,191573.04,191573.00,6
CTR-00404-05,CUST-00404,Mid-Market,annual,2027-01-02,2027-01-31,40619.64,40619.67,7
CTR-00405-05,CUST-00405,Mid-Market,annual,2027-01-01,2027-01-31,54546.24,46935.19,7
CTR-00413-05,CUST-00413,Enterprise,annual,2026-09-13,2026-09-30,172674.12,172674.01,3
CTR-00414-02,CUST-00414,Enterprise,multi_year,2026-10-09,2026-10-31,324876.84,324876.89,4
CTR-00415-03,CUST-00415,Enterprise,multi_year,2027-11-16,2027-11-30,78493.56,78493.61,17
CTR-00416-02,CUST-00416,Enterprise,multi_year,2026-12-29,2026-12-31,150210.84,118368.64,6
CTR-00422-05,CUST-00422,SMB,annual,2027-01-07,2027-01-31,12836.40,12836.32,7
CTR-00440-05,CUST-00440,SMB,annual,2027-02-23,2027-02-28,5553.84,5553.82,8
CTR-00442-05,CUST-00442,SMB,annual,2027-02-10,2027-02-28,5902.80,5902.84,8
CTR-00461-05,CUST-00461,SMB,annual,2027-03-27,2027-03-31,2083.08,2083.06,9
CTR-00462-05,CUST-00462,SMB,annual,2027-03-27,2027-03-31,12822.84,12822.79,9
CTR-00475-05,CUST-00475,SMB,annual,2027-04-02,2027-04-30,5776.32,5776.27,10
CTR-00483-05,CUST-00483,SMB,annual,2027-04-25,2027-04-30,4299.00,4299.05,10
CTR-00485-05,CUST-00485,SMB,annual,2027-04-24,2027-04-30,10670.16,10670.21,10
CTR-00488-05,CUST-00488,SMB,annual,2027-05-01,2027-05-31,5828.28,5828.22,11
CTR-00494-05,CUST-00494,SMB,annual,2027-04-01,2027-04-30,9627.36,9627.33,10
CTR-00500-05,CUST-00500,SMB,annual,2027-05-18,2027-05-31,4518.60,4518.57,11
CTR-00502-05,CUST-00502,SMB,annual,2027-05-29,2027-05-31,3464.52,3464.50,11
CTR-00506-02,CUST-00506,SMB,multi_year,2027-05-19,2027-05-31,4655.88,3325.64,11
CTR-00532-04,CUST-00532,SMB,annual,2026-07-07,2026-07-31,2331.36,2331.40,1
CTR-00537-02,CUST-00537,SMB,multi_year,2027-07-21,2027-07-31,6874.32,6874.32,13
CTR-00549-04,CUST-00549,SMB,annual,2026-08-11,2026-08-31,2332.56,2332.55,2
CTR-00583-04,CUST-00583,SMB,annual,2026-10-16,2026-10-31,10130.64,10130.66,4
CTR-00585-04,CUST-00585,SMB,annual,2026-10-30,2026-10-31,5380.68,5380.73,4
CTR-00587-04,CUST-00587,SMB,annual,2026-10-14,2026-10-31,2707.44,2707.45,4
CTR-00589-04,CUST-00589,SMB,annual,2026-11-01,2026-11-30,3553.80,2961.46,5
CTR-00592-04,CUST-00592,SMB,annual,2026-11-25,2026-11-30,9439.68,9439.74,5
CTR-00599-04,CUST-00599,SMB,annual,2026-11-29,2026-11-30,2713.20,2713.22,5
CTR-00603-04,CUST-00603,SMB,annual,2026-11-05,2026-11-30,9565.56,9565.54,5
CTR-00614-04,CUST-00614,SMB,annual,2026-12-01,2026-12-31,9709.20,6935.11,6
CTR-00619-04,CUST-00619,SMB,annual,2026-12-24,2026-12-31,1914.24,1276.17,6
CTR-00642-04,CUST-00642,SMB,annual,2026-12-16,2026-12-31,8409.24,8409.23,6
CTR-00653-05,CUST-00653,Mid-Market,annual,2027-01-27,2027-01-31,55510.68,37549.61,7
CTR-00656-05,CUST-00656,Mid-Market,annual,2027-02-28,2027-02-28,60114.96,60115.02,8
CTR-00661-05,CUST-00661,Mid-Market,annual,2027-02-19,2027-02-28,33194.64,33194.58,8
CTR-00662-05,CUST-00662,Mid-Market,annual,2027-03-29,2027-03-31,70997.76,70997.79,9
CTR-00665-05,CUST-00665,Mid-Market,annual,2027-03-31,2027-03-31,53950.20,53950.27,9
CTR-00667-05,CUST-00667,Mid-Market,annual,2027-03-15,2027-03-31,24897.12,24897.07,9
CTR-00668-05,CUST-00668,Mid-Market,annual,2027-03-14,2027-03-31,33218.16,33218.17,9
CTR-00669-05,CUST-00669,Mid-Market,annual,2027-03-19,2027-03-31,22385.16,22385.17,9
CTR-00671-02,CUST-00671,Mid-Market,multi_year,2027-04-25,2027-04-30,83077.44,53986.22,10
CTR-00672-05,CUST-00672,Mid-Market,annual,2027-04-27,2027-04-30,26469.96,26470.00,10
CTR-00674-05,CUST-00674,Mid-Market,annual,2027-05-02,2027-05-31,88684.80,76281.86,11
CTR-00677-05,CUST-00677,Mid-Market,annual,2027-06-01,2027-06-30,39398.88,39398.88,12
CTR-00678-05,CUST-00678,Mid-Market,annual,2027-05-31,2027-05-31,37547.28,37547.26,11
CTR-00679-05,CUST-00679,Mid-Market,annual,2027-06-01,2027-06-30,99314.40,99314.40,12
CTR-00682-05,CUST-00682,Mid-Market,annual,2027-06-30,2027-06-30,116787.60,122518.14,12
CTR-00684-05,CUST-00684,Mid-Market,annual,2027-06-05,2027-06-30,41516.04,33268.92,12
CTR-00685-05,CUST-00685,Mid-Market,annual,2027-07-02,2027-07-31,10629.72,11033.84,13
CTR-00687-02,CUST-00687,Mid-Market,multi_year,2026-08-01,2026-08-31,25425.36,9080.48,2
CTR-00688-04,CUST-00688,Mid-Market,annual,2026-07-31,2026-07-31,57868.56,57868.65,1
CTR-00689-04,CUST-00689,Mid-Market,annual,2026-07-29,2026-07-31,59314.44,59314.37,1
CTR-00690-04,CUST-00690,Mid-Market,annual,2026-07-17,2026-07-31,46471.20,46471.22,1
CTR-00691-04,CUST-00691,Mid-Market,annual,2026-08-16,2026-08-31,13498.92,13498.92,2
CTR-00693-04,CUST-00693,Mid-Market,annual,2027-01-04,2027-01-31,10052.28,10052.27,7
CTR-00694-04,CUST-00694,Mid-Market,annual,2026-08-15,2026-08-31,26600.64,26600.69,2
CTR-00697-02,CUST-00697,Mid-Market,multi_year,2027-09-10,2027-09-30,187914.00,82958.06,15
CTR-00699-04,CUST-00699,Mid-Market,annual,2026-10-02,2026-10-31,110549.04,80955.64,4
CTR-00702-04,CUST-00702,Mid-Market,annual,2026-10-14,2026-10-31,44339.52,31671.14,4
CTR-00703-04,CUST-00703,Mid-Market,annual,2026-10-13,2026-10-31,12138.84,12138.89,4
CTR-00704-04,CUST-00704,Mid-Market,annual,2026-10-06,2026-10-31,23758.20,7985.94,4
CTR-00706-04,CUST-00706,Mid-Market,annual,2026-10-28,2026-10-31,112358.16,105142.52,4
CTR-00707-04,CUST-00707,Mid-Market,annual,2026-12-02,2026-12-31,21675.96,18481.97,6
CTR-00709-04,CUST-00709,Mid-Market,annual,2026-11-16,2026-11-30,59817.12,49025.56,5
CTR-00712-04,CUST-00712,Mid-Market,annual,2026-12-25,2026-12-31,8984.16,8984.19,6
CTR-00715-04,CUST-00715,Mid-Market,annual,2026-12-20,2026-12-31,39562.68,37980.20,6
CTR-00716-04,CUST-00716,Mid-Market,annual,2026-12-31,2026-12-31,66053.64,66053.66,6
CTR-00717-04,CUST-00717,Mid-Market,annual,2026-12-28,2026-12-31,47877.48,39553.20,6
CTR-00719-04,CUST-00719,Mid-Market,annual,2026-12-31,2026-12-31,153589.92,153589.90,6
CTR-00720-04,CUST-00720,Mid-Market,annual,2026-12-27,2026-12-31,138584.88,138584.81,6
CTR-00722-04,CUST-00722,Mid-Market,annual,2026-12-29,2026-12-31,66072.60,66072.58,6
CTR-00723-04,CUST-00723,Mid-Market,annual,2026-12-26,2026-12-31,11802.48,11802.48,6
CTR-00725-05,CUST-00725,Enterprise,annual,2027-01-22,2027-01-31,90908.52,90908.43,7
CTR-00727-05,CUST-00727,Enterprise,annual,2027-03-29,2027-03-31,147061.92,147061.91,9
CTR-00732-04,CUST-00732,Enterprise,annual,2026-08-02,2026-08-31,231613.20,231613.22,2
CTR-00733-02,CUST-00733,Enterprise,multi_year,2027-09-02,2027-09-30,314527.32,314527.31,15
CTR-00734-02,CUST-00734,Enterprise,multi_year,2027-09-24,2027-09-30,110547.00,95283.35,15
CTR-00735-02,CUST-00735,Enterprise,multi_year,2026-10-28,2026-10-31,201197.04,134948.17,4
CTR-00736-04,CUST-00736,Enterprise,annual,2026-11-30,2026-11-30,278973.48,188665.96,5
CTR-00737-04,CUST-00737,Enterprise,annual,2027-01-01,2027-01-31,682499.40,492951.33,7
CTR-00739-04,CUST-00739,SMB,annual,2027-01-30,2027-01-31,11624.40,11624.41,7
CTR-00741-04,CUST-00741,SMB,annual,2027-01-17,2027-01-31,4747.56,4747.51,7
CTR-00749-04,CUST-00749,SMB,annual,2027-01-28,2027-01-31,5014.56,5014.50,7
CTR-00757-04,CUST-00757,SMB,annual,2027-01-20,2027-01-31,12036.72,12036.70,7
CTR-00758-04,CUST-00758,SMB,annual,2027-01-29,2027-01-31,4503.60,3216.90,7
CTR-00767-04,CUST-00767,SMB,annual,2027-03-02,2027-03-31,6698.76,6698.75,9
CTR-00769-04,CUST-00769,SMB,annual,2027-03-01,2027-03-31,5116.92,5116.88,9
CTR-00778-04,CUST-00778,SMB,annual,2027-03-03,2027-03-31,22215.00,22215.03,9
CTR-00786-04,CUST-00786,SMB,annual,2027-03-25,2027-03-31,10949.52,10949.52,9
CTR-00790-04,CUST-00790,SMB,annual,2027-03-12,2027-03-31,11135.04,11135.03,9
CTR-00802-04,CUST-00802,SMB,annual,2027-03-21,2027-03-31,7922.64,7922.59,9
CTR-00822-04,CUST-00822,SMB,annual,2027-04-02,2027-04-30,5542.56,5542.51,10
CTR-00824-04,CUST-00824,SMB,annual,2027-04-04,2027-04-30,10597.32,10597.32,10
CTR-00827-04,CUST-00827,SMB,annual,2027-04-22,2027-04-30,7749.84,7749.84,10
CTR-00829-04,CUST-00829,SMB,annual,2027-04-11,2027-04-30,25502.76,25502.72,10
CTR-00830-04,CUST-00830,SMB,annual,2027-04-22,2027-04-30,8352.48,8352.43,10
CTR-00833-04,CUST-00833,SMB,annual,2027-05-30,2027-05-31,11394.00,11393.94,11
CTR-00835-04,CUST-00835,SMB,annual,2027-05-05,2027-05-31,9419.76,9419.74,11
CTR-00837-04,CUST-00837,SMB,annual,2027-06-01,2027-06-30,4718.76,4718.71,12
CTR-00838-04,CUST-00838,SMB,annual,2027-05-04,2027-05-31,7046.88,7046.98,11
CTR-00842-04,CUST-00842,SMB,annual,2027-05-28,2027-05-31,8287.68,8287.68,11
CTR-00844-04,CUST-00844,SMB,annual,2027-05-17,2027-05-31,12485.04,12484.98,11
CTR-00847-04,CUST-00847,SMB,annual,2027-05-02,2027-05-31,3925.80,3925.79,11
CTR-00851-04,CUST-00851,SMB,annual,2027-06-27,2027-06-30,14720.16,10514.70,12
CTR-00857-04,CUST-00857,SMB,annual,2027-06-05,2027-06-30,2500.32,1875.30,12
CTR-00858-04,CUST-00858,SMB,annual,2027-06-24,2027-06-30,5299.08,5536.76,12
CTR-00863-04,CUST-00863,SMB,annual,2027-06-29,2027-06-30,7386.84,5276.40,12
CTR-00866-04,CUST-00866,SMB,annual,2027-06-16,2027-06-30,8036.16,8278.32,12
CTR-00886-03,CUST-00886,SMB,annual,2027-01-01,2027-01-31,5563.20,5563.21,7
CTR-00888-03,CUST-00888,SMB,annual,2026-07-13,2026-07-31,17789.40,15336.96,1
CTR-00898-03,CUST-00898,SMB,annual,2026-08-11,2026-08-31,2643.24,1982.47,2
CTR-00900-03,CUST-00900,SMB,annual,2026-08-20,2026-08-31,7730.52,7730.45,2
CTR-00909-03,CUST-00909,SMB,annual,2026-09-28,2026-09-30,13199.40,13199.43,3
CTR-00915-03,CUST-00915,SMB,annual,2026-09-22,2026-09-30,8668.44,8668.40,3
CTR-00916-03,CUST-00916,SMB,annual,2026-09-29,2026-09-30,6769.68,6769.67,3
CTR-00929-03,CUST-00929,SMB,annual,2026-11-02,2026-11-30,7541.16,7541.11,5
CTR-00935-03,CUST-00935,SMB,annual,2026-10-17,2026-10-31,10436.88,10436.92,4
CTR-00943-03,CUST-00943,SMB,annual,2026-10-30,2026-10-31,14690.28,14690.25,4
CTR-00947-03,CUST-00947,SMB,annual,2027-05-01,2027-05-31,4860.84,4860.80,11
CTR-00948-03,CUST-00948,SMB,annual,2027-05-02,2027-05-31,3951.48,3951.45,11
CTR-00954-03,CUST-00954,SMB,annual,2026-11-05,2026-11-30,12510.24,12510.27,5
CTR-00956-03,CUST-00956,SMB,annual,2026-11-17,2026-11-30,7633.56,7633.65,5
CTR-00971-03,CUST-00971,SMB,annual,2026-12-09,2026-12-31,11402.52,8825.29,6
CTR-00972-03,CUST-00972,SMB,annual,2026-12-29,2026-12-31,3414.96,2439.26,6
CTR-00976-03,CUST-00976,SMB,annual,2026-12-12,2026-12-31,14056.68,14056.67,6
CTR-00983-03,CUST-00983,SMB,annual,2027-05-05,2027-05-31,5061.48,5061.49,11
CTR-00992-03,CUST-00992,SMB,annual,2026-12-29,2026-12-31,4713.72,4713.70,6
CTR-00994-03,CUST-00994,SMB,annual,2026-12-31,2026-12-31,4477.32,4477.36,6
CTR-01002-03,CUST-01002,SMB,annual,2027-01-02,2027-01-31,4685.52,4685.48,7
CTR-01009-03,CUST-01009,SMB,annual,2026-12-30,2026-12-31,11054.88,7896.39,6
CTR-01012-03,CUST-01012,SMB,annual,2026-12-31,2026-12-31,8890.08,8890.02,6
CTR-01016-04,CUST-01016,Mid-Market,annual,2027-01-17,2027-01-31,46428.60,46428.61,7
CTR-01017-04,CUST-01017,Mid-Market,annual,2027-02-04,2027-02-28,93458.52,66756.09,8
CTR-01018-04,CUST-01018,Mid-Market,annual,2027-01-04,2027-01-31,200086.32,200086.32,7
CTR-01019-02,CUST-01019,Mid-Market,multi_year,2027-01-27,2027-01-31,30249.36,30249.34,7
CTR-01021-04,CUST-01021,Mid-Market,annual,2027-01-09,2027-01-31,122289.96,122289.95,7
CTR-01023-04,CUST-01023,Mid-Market,annual,2027-02-23,2027-02-28,31257.96,31257.89,8
CTR-01026-04,CUST-01026,Mid-Market,annual,2027-02-09,2027-02-28,70122.24,70122.24,8
CTR-01027-04,CUST-01027,Mid-Market,annual,2027-03-02,2027-03-31,308325.24,308325.16,9
CTR-01028-04,CUST-01028,Mid-Market,annual,2027-02-28,2027-02-28,52520.64,52520.63,8
CTR-01029-04,CUST-01029,Mid-Market,annual,2027-03-12,2027-03-31,40741.20,40741.13,9
CTR-01032-03,CUST-01032,Mid-Market,annual,2026-08-31,2026-08-31,18403.56,17320.98,2
CTR-01035-04,CUST-01035,Mid-Market,annual,2027-03-08,2027-03-31,7725.00,7725.00,9
CTR-01036-04,CUST-01036,Mid-Market,annual,2027-03-19,2027-03-31,80921.40,80921.44,9
CTR-01037-02,CUST-01037,Mid-Market,multi_year,2027-03-28,2027-03-31,62047.68,57999.15,9
CTR-01044-04,CUST-01044,Mid-Market,annual,2027-04-10,2027-04-30,12090.84,12090.90,10
CTR-01048-04,CUST-01048,Mid-Market,annual,2027-05-28,2027-05-31,10060.20,10060.17,11
CTR-01049-02,CUST-01049,Mid-Market,multi_year,2027-05-28,2027-05-31,39381.72,39381.79,11
CTR-01051-04,CUST-01051,Mid-Market,annual,2027-06-26,2027-06-30,8963.76,8963.51,12
CTR-01052-02,CUST-01052,Mid-Market,multi_year,2027-06-30,2027-06-30,109077.72,109077.78,12
CTR-01053-04,CUST-01053,Mid-Market,annual,2027-06-04,2027-06-30,38869.80,40407.92,12
CTR-01054-04,CUST-01054,Mid-Market,annual,2027-06-16,2027-06-30,197045.04,189894.65,12
CTR-01055-04,CUST-01055,Mid-Market,annual,2027-06-10,2027-06-30,81221.04,76691.27,12
CTR-01059-03,CUST-01059,Mid-Market,annual,2026-07-26,2026-07-31,47499.36,36453.03,1
CTR-01060-03,CUST-01060,Mid-Market,annual,2026-08-01,2026-08-31,44485.08,31775.06,2
CTR-01063-01,CUST-01063,Mid-Market,multi_year,2026-08-31,2026-08-31,42109.20,7077.18,2
CTR-01064-03,CUST-01064,Mid-Market,annual,2026-08-26,2026-08-31,22041.12,22041.10,2
CTR-01065-03,CUST-01065,Mid-Market,annual,2026-08-10,2026-08-31,38286.36,38286.29,2
CTR-01069-03,CUST-01069,Mid-Market,annual,2026-10-02,2026-10-31,38454.84,36913.02,4
CTR-01072-03,CUST-01072,Mid-Market,annual,2026-09-15,2026-09-30,83073.12,83073.21,3
CTR-01073-03,CUST-01073,Mid-Market,annual,2026-10-04,2026-10-31,26053.08,17716.11,4
CTR-01078-03,CUST-01078,Mid-Market,annual,2026-10-04,2026-10-31,61636.44,36981.87,4
CTR-01079-03,CUST-01079,Mid-Market,annual,2026-10-23,2026-10-31,40639.80,29028.44,4
CTR-01080-03,CUST-01080,Mid-Market,annual,2027-04-05,2027-04-30,42781.20,42781.18,10
CTR-01081-03,CUST-01081,Mid-Market,annual,2026-11-25,2026-11-30,71954.64,71954.60,5
CTR-01083-03,CUST-01083,Mid-Market,annual,2026-11-25,2026-11-30,71446.92,56636.02,5
CTR-01085-03,CUST-01085,Mid-Market,annual,2026-11-14,2026-11-30,45656.16,35155.66,5
CTR-01086-03,CUST-01086,Mid-Market,annual,2026-12-28,2026-12-31,97537.80,69669.84,6
CTR-01087-03,CUST-01087,Mid-Market,annual,2026-12-02,2026-12-31,236739.84,236739.92,6
CTR-01093-03,CUST-01093,Mid-Market,annual,2027-01-01,2027-01-31,154911.96,154912.00,7
CTR-01094-03,CUST-01094,Mid-Market,annual,2027-01-01,2027-01-31,113996.88,113996.87,7
CTR-01096-03,CUST-01096,Mid-Market,annual,2026-12-24,2026-12-31,52011.00,31206.59,6
CTR-01097-03,CUST-01097,Mid-Market,annual,2026-12-22,2026-12-31,80700.72,80700.68,6
CTR-01099-03,CUST-01099,Mid-Market,annual,2027-01-01,2027-01-31,37256.40,37256.32,7
CTR-01100-03,CUST-01100,Mid-Market,annual,2026-12-31,2026-12-31,44552.16,36568.96,6
CTR-01101-04,CUST-01101,Enterprise,annual,2027-01-30,2027-01-31,208083.24,153653.18,7
CTR-01102-04,CUST-01102,Enterprise,annual,2027-01-03,2027-01-31,394977.72,394977.60,7
CTR-01105-04,CUST-01105,Enterprise,annual,2027-03-31,2027-03-31,143058.60,143058.53,9
CTR-01106-04,CUST-01106,Enterprise,annual,2027-03-05,2027-03-31,133357.80,133357.83,9
CTR-01110-04,CUST-01110,Enterprise,annual,2027-06-04,2027-06-30,232801.44,232786.23,12
CTR-01112-01,CUST-01112,Enterprise,multi_year,2026-08-31,2026-08-31,114055.92,78358.09,2
CTR-01114-03,CUST-01114,Enterprise,annual,2026-09-28,2026-09-30,118194.96,118194.86,3
CTR-01116-01,CUST-01116,Enterprise,multi_year,2026-11-16,2026-11-30,111797.52,111797.54,5
CTR-01117-02,CUST-01117,Enterprise,multi_year,2027-12-28,2027-12-31,220580.88,220580.91,18
CTR-01118-01,CUST-01118,Enterprise,multi_year,2026-12-21,2026-12-31,124558.92,97584.79,6
CTR-01119-03,CUST-01119,Enterprise,annual,2026-12-28,2026-12-31,156892.32,156892.25,6
CTR-01120-03,CUST-01120,Enterprise,annual,2026-12-04,2026-12-31,139890.12,139890.02,6
CTR-01126-03,CUST-01126,SMB,annual,2027-01-11,2027-01-31,8373.60,8373.61,7
CTR-01129-03,CUST-01129,SMB,annual,2027-01-07,2027-01-31,17578.68,17578.73,7
CTR-01130-03,CUST-01130,SMB,annual,2027-01-20,2027-01-31,5386.32,5386.32,7
CTR-01156-03,CUST-01156,SMB,annual,2027-03-31,2027-03-31,6179.64,6179.59,9
CTR-01174-03,CUST-01174,SMB,annual,2027-05-18,2027-05-31,4086.84,4086.78,11
CTR-01180-03,CUST-01180,SMB,annual,2027-05-28,2027-05-31,11853.00,11853.01,11
CTR-01186-03,CUST-01186,SMB,annual,2027-06-30,2027-06-30,24244.08,25000.01,12
CTR-01191-03,CUST-01191,SMB,annual,2027-06-26,2027-06-30,15469.32,11499.78,12
CTR-01194-03,CUST-01194,SMB,annual,2027-06-07,2027-06-30,4016.88,4016.84,12
CTR-01196-03,CUST-01196,SMB,annual,2027-06-29,2027-06-30,14558.52,14558.11,12
CTR-01198-02,CUST-01198,SMB,annual,2026-07-30,2026-07-31,2675.16,2675.15,1
CTR-01206-02,CUST-01206,SMB,annual,2026-08-26,2026-08-31,11100.72,8438.58,2
CTR-01230-02,CUST-01230,SMB,annual,2026-10-02,2026-10-31,15416.76,15416.75,4
CTR-01235-02,CUST-01235,SMB,annual,2026-10-18,2026-10-31,10348.44,7391.80,4
CTR-01240-02,CUST-01240,SMB,annual,2026-11-29,2026-11-30,11313.84,11313.83,5
CTR-01242-02,CUST-01242,SMB,annual,2026-11-29,2026-11-30,11733.60,11733.58,5
CTR-01243-02,CUST-01243,SMB,annual,2026-11-16,2026-11-30,13263.60,13263.53,5
CTR-01252-02,CUST-01252,SMB,annual,2026-12-26,2026-12-31,1278.48,1278.48,6
CTR-01260-02,CUST-01260,SMB,annual,2026-12-25,2026-12-31,7593.36,7593.37,6
CTR-01270-02,CUST-01270,SMB,annual,2026-12-24,2026-12-31,8133.00,8133.01,6
CTR-01272-02,CUST-01272,SMB,annual,2026-12-31,2026-12-31,5299.68,5299.72,6
CTR-01275-03,CUST-01275,Mid-Market,annual,2027-01-29,2027-01-31,44016.48,44016.53,7
CTR-01277-03,CUST-01277,Mid-Market,annual,2027-01-20,2027-01-31,54148.20,54148.17,7
CTR-01279-03,CUST-01279,Mid-Market,annual,2027-02-24,2027-02-28,95687.52,95687.57,8
CTR-01280-03,CUST-01280,Mid-Market,annual,2027-02-08,2027-02-28,24886.32,19030.75,8
CTR-01281-03,CUST-01281,Mid-Market,annual,2027-02-10,2027-02-28,146305.68,104073.07,8
CTR-01282-03,CUST-01282,Mid-Market,annual,2027-02-07,2027-02-28,44242.20,44242.24,8
CTR-01283-03,CUST-01283,Mid-Market,annual,2027-03-30,2027-03-31,29280.60,21082.04,9
CTR-01284-03,CUST-01284,Mid-Market,annual,2027-04-03,2027-04-30,21022.44,21022.43,10
CTR-01285-03,CUST-01285,Mid-Market,annual,2027-03-10,2027-03-31,78393.24,78393.23,9
CTR-01286-03,CUST-01286,Mid-Market,annual,2027-03-31,2027-03-31,33944.88,33944.80,9
CTR-01290-01,CUST-01290,Mid-Market,multi_year,2027-04-27,2027-04-30,57319.56,44183.91,10
CTR-01291-03,CUST-01291,Mid-Market,annual,2027-05-28,2027-05-31,26106.84,26106.78,11
CTR-01292-03,CUST-01292,Mid-Market,annual,2027-05-24,2027-05-31,65102.04,65102.08,11
CTR-01294-03,CUST-01294,Mid-Market,annual,2027-06-25,2027-06-30,89221.92,81590.03,12
CTR-01295-03,CUST-01295,Mid-Market,annual,2027-06-04,2027-06-30,25815.24,26915.73,12
CTR-01297-02R,CUST-01297,Mid-Market,annual,2026-12-04,2026-12-31,32875.92,30440.70,6
CTR-01298-02,CUST-01298,Mid-Market,annual,2026-07-29,2026-07-31,253737.00,240681.55,1
CTR-01299-02,CUST-01299,Mid-Market,annual,2026-07-29,2026-07-31,39380.40,39380.39,1
CTR-01300-02,CUST-01300,Mid-Market,annual,2026-07-31,2026-07-31,16175.88,16175.85,1
CTR-01301-02,CUST-01301,Mid-Market,annual,2026-08-29,2026-08-31,165443.16,62807.15,2
CTR-01303-02,CUST-01303,Mid-Market,annual,2026-08-28,2026-08-31,11773.08,8409.35,2
CTR-01304-02,CUST-01304,Mid-Market,annual,2026-09-26,2026-09-30,27439.08,19599.38,3
CTR-01305-01,CUST-01305,Mid-Market,multi_year,2027-09-27,2027-09-30,32833.08,21992.07,15
CTR-01306-02,CUST-01306,Mid-Market,annual,2026-10-01,2026-10-31,75531.24,18717.66,4
CTR-01307-02,CUST-01307,Mid-Market,annual,2026-10-31,2026-10-31,75095.64,73593.73,4
CTR-01309-02,CUST-01309,Mid-Market,annual,2026-10-21,2026-10-31,71488.56,54393.48,4
CTR-01310-02,CUST-01310,Mid-Market,annual,2026-11-11,2026-11-30,32306.28,32306.23,5
CTR-01312-02,CUST-01312,Mid-Market,annual,2026-12-03,2026-12-31,75964.20,45736.08,6
CTR-01314-02,CUST-01314,Mid-Market,annual,2027-01-04,2027-01-31,62296.80,49517.90,7
CTR-01315-02,CUST-01315,Mid-Market,annual,2026-12-24,2026-12-31,79200.96,79201.00,6
CTR-01316-02,CUST-01316,Mid-Market,annual,2027-01-03,2027-01-31,39934.32,39934.34,7
CTR-01318-02,CUST-01318,Mid-Market,annual,2026-12-28,2026-12-31,31701.60,28179.15,6
CTR-01319-02,CUST-01319,Mid-Market,annual,2027-01-02,2027-01-31,63508.20,61198.78,7
CTR-01320-02,CUST-01320,Mid-Market,annual,2026-12-28,2026-12-31,15085.20,13409.08,6
CTR-01321-02,CUST-01321,Mid-Market,annual,2026-12-09,2026-12-31,55079.28,55079.25,6
CTR-01322-01,CUST-01322,Enterprise,multi_year,2027-01-27,2027-01-31,413933.16,252805.69,7
CTR-01323-01,CUST-01323,Enterprise,multi_year,2027-03-02,2027-03-31,169776.96,149726.01,9
CTR-01324-01,CUST-01324,Enterprise,multi_year,2027-03-22,2027-03-31,589680.24,432632.39,9
CTR-01327-03,CUST-01327,Enterprise,annual,2027-06-07,2027-06-30,283143.36,293685.38,12
CTR-01328-02,CUST-01328,Enterprise,annual,2026-09-28,2026-09-30,194651.28,194651.24,3
CTR-01330-01,CUST-01330,Enterprise,multi_year,2026-11-28,2026-11-30,227905.92,227905.81,5
CTR-01331-01,CUST-01331,Enterprise,multi_year,2026-12-26,2026-12-31,593709.36,593709.32,6
CTR-01332-01,CUST-01332,Enterprise,multi_year,2026-12-31,2026-12-31,148522.80,111094.29,6
CTR-01333-02,CUST-01333,SMB,annual,2027-01-28,2027-01-31,8543.04,8543.07,7
CTR-01336-02,CUST-01336,SMB,annual,2027-01-31,2027-01-31,8380.08,6285.08,7
CTR-01353-02,CUST-01353,SMB,annual,2027-02-27,2027-02-28,8474.52,8474.51,8
CTR-01355-02,CUST-01355,SMB,annual,2027-02-04,2027-02-28,8645.40,8645.36,8
CTR-01358-02,CUST-01358,SMB,annual,2027-02-08,2027-02-28,38356.80,31291.03,8
CTR-01370-02,CUST-01370,SMB,annual,2027-03-23,2027-03-31,7566.48,7566.50,9
CTR-01371-02,CUST-01371,SMB,annual,2027-03-30,2027-03-31,3772.80,3772.78,9
CTR-01379-02,CUST-01379,SMB,annual,2027-04-01,2027-04-30,14008.80,14008.85,10
CTR-01384-02,CUST-01384,SMB,annual,2027-04-29,2027-04-30,11592.36,11592.30,10
CTR-01395-02,CUST-01395,SMB,annual,2027-05-11,2027-05-31,9287.88,9287.82,11
CTR-01402-02,CUST-01402,SMB,annual,2027-05-20,2027-05-31,3713.28,3713.29,11
CTR-01405-02,CUST-01405,SMB,annual,2027-06-01,2027-06-30,8775.36,8775.41,12
CTR-01412-02,CUST-01412,SMB,annual,2027-06-02,2027-06-30,13349.76,13349.76,12
CTR-01413-02,CUST-01413,SMB,annual,2027-06-17,2027-06-30,11211.60,11211.32,12
CTR-01417-02,CUST-01417,SMB,annual,2027-06-30,2027-06-30,21841.20,15601.71,12
CTR-01422-01,CUST-01422,SMB,multi_year,2027-07-29,2027-07-31,8605.92,8605.96,13
CTR-01427-01,CUST-01427,SMB,annual,2026-07-14,2026-07-31,4410.24,4410.18,1
CTR-01430-01,CUST-01430,SMB,annual,2026-08-04,2026-08-31,5801.04,5801.02,2
CTR-01431-01,CUST-01431,SMB,annual,2026-08-03,2026-08-31,7808.04,7808.03,2
CTR-01435-01,CUST-01435,SMB,annual,2026-08-31,2026-08-31,2866.80,2150.07,2
CTR-01437-01,CUST-01437,SMB,annual,2026-08-18,2026-08-31,19229.40,16051.23,2
CTR-01438-01,CUST-01438,SMB,annual,2026-08-31,2026-08-31,18441.72,9879.51,2
CTR-01439-01,CUST-01439,SMB,annual,2026-08-04,2026-08-31,11445.48,8175.40,2
CTR-01440-01,CUST-01440,SMB,annual,2026-08-30,2026-08-31,6062.04,4041.37,2
CTR-01443-01,CUST-01443,SMB,annual,2026-09-28,2026-09-30,2865.72,2149.27,3
CTR-01445-01,CUST-01445,SMB,annual,2026-09-07,2026-09-30,12284.04,10529.20,3
CTR-01448-01,CUST-01448,SMB,annual,2026-09-28,2026-09-30,8255.64,8255.64,3
CTR-01451-01,CUST-01451,SMB,annual,2026-10-02,2026-10-31,3721.32,3721.34,4
CTR-01452-01,CUST-01452,SMB,annual,2026-09-25,2026-09-30,8119.08,6765.88,3
CTR-01454-01,CUST-01454,SMB,annual,2026-11-01,2026-11-30,11550.72,8662.98,5
CTR-01455-01,CUST-01455,SMB,multi_year,2027-10-04,2027-10-31,20829.84,20829.90,16
CTR-01456-01,CUST-01456,SMB,annual,2026-10-06,2026-10-31,3309.24,3309.20,4
CTR-01458-01,CUST-01458,SMB,annual,2026-10-28,2026-10-31,5520.96,5521.01,4
CTR-01459-01,CUST-01459,SMB,annual,2026-10-02,2026-10-31,11721.00,11721.03,4
CTR-01465-01,CUST-01465,SMB,annual,2026-10-28,2026-10-31,3574.92,3574.96,4
CTR-01468-01,CUST-01468,SMB,annual,2026-11-22,2026-11-30,19872.72,16734.91,5
CTR-01469-01,CUST-01469,SMB,annual,2026-11-24,2026-11-30,7346.28,6010.63,5
CTR-01471-01,CUST-01471,SMB,annual,2026-11-04,2026-11-30,21707.40,21707.49,5
CTR-01472-01,CUST-01472,SMB,annual,2026-11-03,2026-11-30,5443.20,2591.99,5
CTR-01473-01,CUST-01473,SMB,annual,2026-11-27,2026-11-30,2787.60,2787.58,5
CTR-01479-01,CUST-01479,SMB,annual,2026-11-29,2026-11-30,7335.00,7335.04,5
CTR-01480-01,CUST-01480,SMB,annual,2026-12-13,2026-12-31,7768.44,4855.32,6
CTR-01482-01,CUST-01482,SMB,annual,2027-01-02,2027-01-31,26253.72,26253.72,7
CTR-01491-01,CUST-01491,SMB,annual,2026-12-28,2026-12-31,14018.76,14018.72,6
CTR-01494-01,CUST-01494,SMB,annual,2026-12-31,2026-12-31,8137.32,8137.33,6
CTR-01495-01,CUST-01495,SMB,annual,2026-12-19,2026-12-31,11361.60,11361.63,6
CTR-01496-01,CUST-01496,SMB,annual,2027-01-02,2027-01-31,6780.60,4746.41,7
CTR-01497-01,CUST-01497,SMB,annual,2026-12-21,2026-12-31,18720.96,18000.96,6
CTR-01501-01,CUST-01501,SMB,annual,2026-12-08,2026-12-31,2686.08,2686.05,6
CTR-01504-01,CUST-01504,SMB,annual,2026-12-17,2026-12-31,19800.84,11314.80,6
CTR-01508-01,CUST-01508,SMB,annual,2026-12-29,2026-12-31,8240.40,8240.41,6
CTR-01511-02,CUST-01511,Mid-Market,annual,2027-01-29,2027-01-31,38940.24,38940.29,7
CTR-01512-02,CUST-01512,Mid-Market,annual,2027-02-02,2027-02-28,50846.52,50846.57,8
CTR-01513-02,CUST-01513,Mid-Market,annual,2027-01-30,2027-01-31,23274.12,23274.15,7
CTR-01514-02,CUST-01514,Mid-Market,annual,2027-01-28,2027-01-31,80986.20,80986.15,7
CTR-01515-01,CUST-01515,Mid-Market,multi_year,2027-02-25,2027-02-28,36820.20,32017.62,8
CTR-01517-01,CUST-01517,Mid-Market,multi_year,2027-03-01,2027-03-31,21343.68,10316.58,9
CTR-01518-02,CUST-01518,Mid-Market,annual,2027-02-07,2027-02-28,28974.12,28974.19,8
CTR-01519-01,CUST-01519,Mid-Market,multi_year,2027-03-31,2027-03-31,65048.64,28331.28,9
CTR-01520-02,CUST-01520,Mid-Market,annual,2027-03-03,2027-03-31,102740.88,102740.98,9
CTR-01521-01,CUST-01521,Mid-Market,multi_year,2027-03-07,2027-03-31,62850.48,53708.60,9
CTR-01522-02,CUST-01522,Mid-Market,annual,2027-03-19,2027-03-31,115363.56,115363.57,9
CTR-01524-02,CUST-01524,Mid-Market,annual,2027-04-30,2027-04-30,192750.12,154547.34,10
CTR-01525-02,CUST-01525,Mid-Market,annual,2027-04-22,2027-04-30,22395.36,22395.33,10
CTR-01526-02,CUST-01526,Mid-Market,annual,2027-05-02,2027-05-31,98613.48,98613.48,11
CTR-01527-02,CUST-01527,Mid-Market,annual,2027-05-30,2027-05-31,51738.84,51738.78,11
CTR-01529-02,CUST-01529,Mid-Market,annual,2027-05-20,2027-05-31,69917.76,69917.81,11
CTR-01530-02,CUST-01530,Mid-Market,annual,2027-07-04,2027-07-31,53940.60,40398.11,13
CTR-01531-02,CUST-01531,Mid-Market,annual,2027-06-22,2027-06-30,80432.40,46680.54,12
CTR-01532-02,CUST-01532,Mid-Market,annual,2027-06-28,2027-06-30,98901.48,102963.21,12
CTR-01533-02,CUST-01533,Mid-Market,annual,2027-06-02,2027-06-30,98613.96,75214.03,12
CTR-01534-01,CUST-01534,Mid-Market,annual,2026-07-30,2026-07-31,27778.32,27778.32,1
CTR-01535-01,CUST-01535,Mid-Market,annual,2026-07-13,2026-07-31,33485.76,33485.74,1
CTR-01536-01,CUST-01536,Mid-Market,annual,2026-07-18,2026-07-31,62802.48,23550.92,1
CTR-01537-01,CUST-01537,Mid-Market,multi_year,2027-08-07,2027-08-31,60230.76,60230.76,14
CTR-01538-01,CUST-01538,Mid-Market,annual,2026-08-03,2026-08-31,56113.56,56113.53,2
CTR-01539-01,CUST-01539,Mid-Market,annual,2026-08-31,2026-08-31,41817.60,36799.48,2
CTR-01540-01,CUST-01540,Mid-Market,annual,2026-09-25,2026-09-30,59521.32,14193.40,3
CTR-01541-01,CUST-01541,Mid-Market,annual,2026-09-01,2026-09-30,156049.44,109722.29,3
CTR-01542-01,CUST-01542,Mid-Market,annual,2026-09-28,2026-09-30,138898.80,39234.64,3
CTR-01543-01,CUST-01543,Mid-Market,annual,2026-11-04,2026-11-30,144063.24,140897.03,5
CTR-01544-01,CUST-01544,Mid-Market,multi_year,2027-10-11,2027-10-31,86891.16,45865.58,16
CTR-01545-01,CUST-01545,Mid-Market,annual,2026-10-30,2026-10-31,47369.04,47369.04,4
CTR-01546-01,CUST-01546,Mid-Market,annual,2026-11-13,2026-11-30,34512.24,34512.23,5
CTR-01547-01,CUST-01547,Mid-Market,annual,2026-12-01,2026-12-31,210369.24,83374.15,6
CTR-01548-01,CUST-01548,Mid-Market,annual,2026-12-02,2026-12-31,60508.80,60508.82,6
CTR-01549-01,CUST-01549,Mid-Market,annual,2026-11-29,2026-11-30,31389.60,31389.66,5
CTR-01550-01,CUST-01550,Mid-Market,annual,2026-12-30,2026-12-31,18076.08,18076.03,6
CTR-01551-01,CUST-01551,Mid-Market,annual,2027-01-03,2027-01-31,43430.52,43430.50,7
CTR-01552-01,CUST-01552,Mid-Market,annual,2026-12-25,2026-12-31,132388.56,53299.29,6
CTR-01553-01,CUST-01553,Mid-Market,annual,2026-12-15,2026-12-31,19085.16,19085.11,6
CTR-01554-01,CUST-01554,Mid-Market,multi_year,2027-12-24,2027-12-31,64841.76,30259.48,18
CTR-01555-01,CUST-01555,Mid-Market,multi_year,2027-12-29,2027-12-31,32528.76,32528.73,18
CTR-01556-01,CUST-01556,Mid-Market,annual,2026-12-25,2026-12-31,37370.76,37370.68,6
CTR-01557-01,CUST-01557,Mid-Market,multi_year,2027-12-03,2027-12-31,11880.60,11880.61,18
CTR-01558-02,CUST-01558,Enterprise,annual,2027-02-02,2027-02-28,566575.08,500789.92,8
CTR-01559-02,CUST-01559,Enterprise,annual,2027-02-05,2027-02-28,131829.12,131829.09,8
CTR-01560-02,CUST-01560,Enterprise,annual,2027-03-16,2027-03-31,89658.12,89658.09,9
CTR-01561-02,CUST-01561,Enterprise,annual,2027-06-05,2027-06-30,128237.76,80740.20,12
CTR-01563-01,CUST-01563,Enterprise,annual,2026-11-28,2026-11-30,733453.68,437562.54,5
CTR-01564-01,CUST-01564,Enterprise,annual,2026-12-18,2026-12-31,200082.36,200082.40,6
CTR-01565-01,CUST-01565,SMB,annual,2027-01-03,2027-01-31,13160.16,13160.21,7
CTR-01568-01,CUST-01568,SMB,annual,2027-02-01,2027-02-28,10820.04,10820.02,8
CTR-01574-01,CUST-01574,SMB,annual,2027-02-28,2027-02-28,4908.12,3926.45,8
CTR-01577-01,CUST-01577,SMB,annual,2027-02-28,2027-02-28,5446.20,5446.14,8
CTR-01578-01,CUST-01578,SMB,annual,2027-02-28,2027-02-28,4421.16,3684.31,8
CTR-01579-01,CUST-01579,SMB,annual,2027-02-03,2027-02-28,11568.12,11568.15,8
CTR-01581-01,CUST-01581,SMB,annual,2027-02-25,2027-02-28,9581.28,9581.24,8
CTR-01584-01,CUST-01584,SMB,annual,2027-03-07,2027-03-31,9644.28,9644.32,9
CTR-01588-01,CUST-01588,SMB,annual,2027-03-10,2027-03-31,4025.88,3354.87,9
CTR-01589-01,CUST-01589,SMB,annual,2027-03-29,2027-03-31,8228.04,8228.09,9
CTR-01591-01,CUST-01591,SMB,annual,2027-03-06,2027-03-31,4168.56,4168.63,9
CTR-01593-01,CUST-01593,SMB,annual,2027-03-23,2027-03-31,12077.88,7815.08,9
CTR-01600-01,CUST-01600,SMB,annual,2027-04-15,2027-04-30,14316.84,14316.79,10
CTR-01602-01,CUST-01602,SMB,annual,2027-04-10,2027-04-30,18404.16,18404.20,10
CTR-01603-01,CUST-01603,SMB,annual,2027-05-27,2027-05-31,17936.52,17936.57,11
CTR-01606-01,CUST-01606,SMB,annual,2027-05-03,2027-05-31,15370.32,15370.24,11
CTR-01607-01,CUST-01607,SMB,annual,2027-05-28,2027-05-31,12654.12,12654.16,11
CTR-01608-01,CUST-01608,SMB,annual,2027-05-17,2027-05-31,4482.96,4482.95,11
CTR-01614-01,CUST-01614,SMB,annual,2027-06-30,2027-06-30,2985.84,2985.87,12
CTR-01619-01,CUST-01619,SMB,annual,2027-06-27,2027-06-30,1939.32,1939.36,12
CTR-01623-01,CUST-01623,Mid-Market,annual,2027-02-26,2027-02-28,98504.76,98504.83,8
CTR-01624-01,CUST-01624,Mid-Market,annual,2027-02-14,2027-02-28,32800.68,32800.60,8
CTR-01626-01,CUST-01626,Mid-Market,annual,2027-03-31,2027-03-31,56244.36,56244.42,9
CTR-01627-01,CUST-01627,Mid-Market,annual,2027-04-02,2027-04-30,87182.28,34872.90,10
CTR-01628-01,CUST-01628,Mid-Market,annual,2027-03-10,2027-03-31,28817.64,28817.66,9
CTR-01629-01,CUST-01629,Mid-Market,annual,2027-04-22,2027-04-30,23461.20,23461.21,10
CTR-01630-01,CUST-01630,Mid-Market,annual,2027-04-08,2027-04-30,38751.36,38751.38,10
CTR-01631-01,CUST-01631,Mid-Market,annual,2027-05-19,2027-05-31,45583.56,45583.56,11
CTR-01632-01,CUST-01632,Mid-Market,annual,2027-05-24,2027-05-31,40335.12,40335.04,11
CTR-01633-01,CUST-01633,Mid-Market,annual,2027-06-28,2027-06-30,55237.08,55237.13,12
CTR-01634-01,CUST-01634,Mid-Market,annual,2027-06-28,2027-06-30,38480.52,38480.60,12
CTR-01635-01,CUST-01635,Mid-Market,annual,2027-06-10,2027-06-30,40922.52,40922.56,12
CTR-01637-01,CUST-01637,Enterprise,annual,2027-04-04,2027-04-30,122294.16,122294.13,10
