commentary_id,priority,section,metric,headline,detail,supporting_evidence,management_implication,driver_1,driver_1_amount,driver_2,driver_2_amount,materiality_score,source_model
1,Critical,Runway,policy_runway_months,"Bear policy runway falls below the 24-month Board floor, while Base and Bull remain above it.",Base policy runway is 25.6 months (1.6 months of headroom). Bear policy runway is 23.5 months (breaches the floor by 0.5 months). Bull policy runway is 28.3 months. Full Capacity-Close hiring runs at 24.7 months (0.7 months of headroom) -- technically affordable but on materially thinner headroom than Base.,"fct_cash_runway_policy is a level-plus-delta sensitivity on the approved FY2027 average burn anchor, not a monthly cash-flow-statement build.","A Bear operating scenario would breach the Board's 24-month runway floor on the current cost base; this is a scenario risk to monitor, not the Base-case plan.",Base headroom,1.647058823529413,Bear headroom,-0.4602249485169452,1.647058823529413,fct_cash_runway_policy
2,High,ARR,new_logo_arr,FY2026 New Logo ARR is $2.79M below Budget.,"Pipeline is the binding constraint on New Logo ARR in H2 2026 (15 of 18 segment-months pipeline-bound, 3 capacity-bound). Pipeline-supported bookings total $1.22M against capacity-supported bookings of $2.92M over the same window.",H2 2026 realised (constrained) New Logo ARR: $1.18M.,Additional sales capacity alone would not close this gap while pipeline remains the binding constraint; pipeline creation and conversion are the more relevant levers.,New Logo ARR variance,-2793686.486435552,,,2793686.486435552,fct_new_logo_diagnosis
3,High,ARR,exit_arr,Dec-2026 Exit ARR is $2.77M below Budget.,The largest unfavorable driver is New Logo ARR variance at $2.79M unfavorable to Budget. Contraction ARR variance is another material unfavorable driver at $1.22M. This is partly offset by Expansion ARR variance at $1.54M favorable.,Pipeline is the binding New Logo constraint in 15 of 18 H2 2026 segment-months (Pipeline-bound overall).,Near-term ARR growth depends more on pipeline creation and conversion than on adding quota capacity.,New Logo ARR variance,-2793686.486435552,Contraction ARR variance,-1219395.3143991916,2772899.2752023414,fct_arr_budget_bridge
4,High,Hiring,hiring_decision,Full Capacity-Close hiring (4 hires) is affordable against the Board's 24-month runway floor: 24.7 months (0.7 months of headroom). Targeted / Runway-Constrained hiring computes to 0 incremental hires.,"On the FY2027 fuller-ramp decision horizon, Full Capacity-Close is projected to add $147,322 of incremental ARR by Dec-2027, at a cumulative incremental cash cost of $637,083 and an incremental operating income of -$31,367 that month (still negative) -- this is the view management should use to judge economic attractiveness, not the ramp-period snapshot. Near-term Dec-2026 ramp impact (hires start Oct-2026, so this is a snapshot only weeks into ramp): $467 of incremental ARR at an incremental cash cost of $139,065.",Pipeline binds New Logo ARR in 15 of 18 H2 2026 segment-months company-wide.,"Affordability and attractiveness are separate questions: Full Capacity-Close is affordable, but pipeline -- not capacity -- is the binding constraint on New Logo ARR, which weakens the case for incremental hiring ahead of pipeline improvement -- even on the fuller FY2027 ramp view, incremental operating income remains negative. Targeted hiring reflects this: it computes to hires only where forward capacity would trail pipeline, which is nowhere in the current data.",Full Capacity-Close incremental ARR (Dec-2027),147322.04056936502,Full Capacity-Close cumulative incremental cash impact (Dec-2027),-637083.1113751382,4.0,fct_hiring_scenario
5,Medium,Segment,segment_arr,"SMB Exit ARR is $2.00M below its allocated share of the company Budget, the largest segment-level ARR gap against the allocated Budget proxy.",The largest driver within SMB is New Logo ARR variance at $0.98M unfavorable to the allocated Budget proxy.,"Segment bridge detail (Budget allocated by FY2025 mix, Base segment-native) is in fct_arr_budget_bridge.","Segment-level Budget figures are allocated from the company plan (fact_budget carries no segment grain), not an independently Board-approved segment target; read this alongside the segment-native Base figures and do not treat it with the same weight as a source-grain company variance.",New Logo ARR variance,-976401.7382200463,,,1999776.4464204218,fct_arr_budget_bridge
6,Medium,OpEx,total_opex,FY2026 OpEx is $0.87M above Budget.,The variance is primarily Payroll impact (all categories) at $2.41M unfavorable to Budget.,"Category-level detail (Sales & Marketing / R&D / G&A, each split payroll / commissions / non-payroll) is in fct_opex_budget_bridge.",Cost detail is provided for review; this report does not recommend a cost reduction based on the OpEx variance alone.,Payroll impact (all categories),2409941.9530377635,Non-payroll run-rate impact (all categories),-1440123.530000001,871551.317246899,fct_opex_budget_bridge
7,Medium,Revenue,total_revenue,FY2026 Revenue is $0.84M below Budget.,The largest single driver is Subscription: ARR / recurring-base effect at $0.43M unfavorable to Budget.,Revenue decomposition ties to the ARR bridge: see fct_arr_budget_bridge for the underlying New Logo / Expansion / retention movements.,Revenue is a lagged function of ARR; a revenue shortfall driven by the ARR / recurring-base effect will persist into FY2027 unless the underlying ARR gap closes.,Subscription: ARR / recurring-base effect,-425016.07908251137,Services: New Logo ARR effect,-415162.74646994367,841657.0083486214,fct_revenue_budget_bridge
8,Medium,Profitability,gross_profit,FY2026 Gross Profit is $0.78M above Budget despite lower Revenue.,Gross margin is 429 bps above Budget. Favorable Subscription COGS (+$1.66M) more than offsets the smaller unfavorable Services COGS variance (-$0.04M). Revenue itself ran $0.84M below Budget over the same period.,"COGS driver detail (payroll vs. non-payroll, by Subscription/Services) is in fct_gross_profit_bridge.","The margin improvement traces to lower Subscription cost of revenue, which more than offsets a smaller unfavorable Services COGS variance; it is not a revenue mix shift.",Subscription COGS - payroll impact,1315484.1402001074,Revenue impact,-841657.0083486214,783329.0261156633,fct_gross_profit_bridge
9,Medium,Headcount,ending_headcount,Dec-2026 Ending Headcount is 3.7 FTE above Budget.,"fact_budget carries Ending Headcount as a single company-level statistical figure with no functional breakdown, so this variance cannot be bridged by function against Budget; Base's own ending headcount by function is in fct_headcount_budget_bridge.",Base headcount build: existing population net-of-backfill attrition plus already-open requisitions across all functions (fill date 31-Aug-2026).,Headcount variance is not automatically favorable or unfavorable; read alongside the OpEx payroll driver detail before drawing a conclusion.,Net headcount variance,3.66246733183948,,,3.66246733183948,fct_headcount_budget_bridge
