fiscal_quarter,quarter_end,net_new_arr,prior_quarter_sm,net_arr_sales_efficiency,subscription_revenue,subscription_revenue_prior_quarter,magic_number
2024Q2,2024-06-30,1495240.32,2979231.67,0.5018878978283686,5066911.63,4007630.26,1.4222208775056424
2024Q3,2024-09-30,859339.08,3219278.39,0.2669353115497414,5423148.46,5066911.63,0.4426294179547485
2024Q4,2024-12-31,2091524.88,3263899.53,0.6408055336188612,5656066.56,5423148.46,0.2854476344742144
2025Q1,2025-03-31,1319132.04,3375347.06,0.39081374938670754,6128643.35,5656066.56,0.5600334206817831
2025Q2,2025-06-30,1323441.48,3410032.14,0.3881023479151138,6518637.66,6128643.35,0.457467019651023
2025Q3,2025-09-30,980600.40,3567989.63,0.2748327494438374,6821481.73,6518637.66,0.33951227599279765
2025Q4,2025-12-31,2070944.52,3491615.59,0.5931192786317008,7128437.77,6821481.73,0.35164929481827634
2026Q1,2026-03-31,648113.52,3675562.72,0.1763304205022517,7534415.42,7128437.77,0.44181278451969935
2026Q2,2026-06-30,2179290.96,3406792.18,0.6396900206574971,7826354.18,7534415.42,0.34277260786714614
