path,month_end_date,fiscal_year,fiscal_quarter,is_actual,period_label,phase6_total_revenue,phase6_gross_profit,phase6_sales_marketing,phase6_total_opex,phase6_operating_income,phase6_commission_treatment,asc340_gaap_commission_expense,asc340_immediate_expense,asc340_amortisation,commission_accounting_adjustment,enhanced_sales_marketing,enhanced_total_opex,enhanced_operating_income,enhanced_operating_margin,phase6_operating_margin,adjustment_pct_of_revenue,commission_earned,commission_paid_cash,gaap_less_cash_commission,cumulative_expense_deferred
Base,2024-01-31,2024,2024Q1,true,Actual,946710.02,525109.5700000001,947423.69,1888561.3,-1363451.73,12478.2,12478.188455000001,11998.570788,479.6176669999999,-0.011544999999387073,947423.6784549999,1888561.2884550001,-1363451.718455,-1.440199944704293,-1.4401999568991568,-1.2194864061317396e-08,29264.806800000002,17266.236012,-4788.047557,16786.618345
Base,2024-02-29,2024,2024Q1,true,Actual,1658954.41,1242959.2,977703.18,1965500.83,-722541.6300000001,18853.539999999997,18853.54643283333,17667.699581999997,1185.8468508333333,0.006432833331928123,977703.1864328334,1965500.8364328335,-722541.6364328335,-0.43554038138566664,-0.4355403775080234,3.877643227054156e-09,43091.9502,32155.156182,-13301.60974916667,41025.02211216667
Base,2024-03-31,2024,2024Q1,true,Actual,1674355.28,1250219.24,1054104.8,2118453.97,-868234.7300000002,35559.82,35559.811660416664,33052.750527,2507.061133416667,-0.008339583335327916,1054104.7916604166,2118453.961660417,-868234.7216604169,-0.51854868081547,-0.5185486857962428,-4.980772859227294e-09,80616.4647,61571.935671,-26012.124010583335,86081.67515175001
Base,2024-04-30,2024,2024Q2,true,Actual,1718726.73,1269606.3,1037058.49,2090908.53,-821302.23,23261.960000000003,23261.959483,19957.153070999997,3304.806412,-0.0005170000040379819,1037058.489483,2090908.529483,-821302.229483,-0.47785503951695685,-0.4778550398177609,-3.0080407490839563e-10,48675.9831,54464.08221,-31202.122727,111495.69876875001
Base,2024-05-31,2024,2024Q2,true,Actual,1770528.8699999999,1328588.16,1098451.4,2141260.77,-812672.6100000001,35872.79,35872.80266033333,31316.197043999997,4556.605616333333,0.012660333326493856,1098451.4126603333,2141260.7826603334,-812672.6226603334,-0.4589999273269876,-0.45899992017639346,7.150594119650733e-09,76380.9684,69270.230535,-33397.42787466667,152003.86450841668
Base,2024-06-30,2024,2024Q2,true,Actual,1801896.03,1325414.11,1083768.5,2129017.78,-803603.6699999997,22013.35,22013.353590083338,16785.771993000002,5227.581597083334,0.003590083339076955,1083768.5035900834,2129017.783590083,-803603.673590083,-0.4459767157542841,-0.4459767137618921,1.9923920577576028e-09,40940.9073,51762.05426099999,-29748.700670916653,170931.41821833333
Base,2024-07-31,2024,2024Q3,true,Actual,1839292.55,1380989.92,1049621.29,2126136.17,-745146.25,15096.63,15096.634486666666,9489.721214999998,5606.913271666667,0.004486666666707606,1049621.2944866668,2126136.1744866665,-745146.2544866666,-0.4051265550369715,-0.4051265525976278,2.439343684998673e-09,23145.6615,35712.723864,-20616.089377333334,178980.44523166667
Base,2024-08-31,2024,2024Q3,true,Actual,1877082.55,1405239.24,1061352.01,2108439.45,-703200.2100000002,26594.66,26594.651677916667,20181.043575,6413.608102916667,-0.008322083333041519,1061352.0016779166,2108439.441677917,-703200.2016779168,-0.37462401516540483,-0.37462401959892505,-4.433520163000566e-09,49222.0575,43151.481827999996,-16556.83015008333,201607.85105375
Base,2024-09-30,2024,2024Q3,true,Actual,1891273.75,1415247.6400000001,1152926.23,2283191.58,-867943.94,23450.39,23450.3818675,16381.940115,7068.441752500001,-0.008132499999192078,1152926.2218674999,2283191.5718675,-867943.9318675,-0.45892030800274153,-0.4589203123027536,-4.300012094596077e-09,39955.9515,39773.11351200001,-16322.73164450001,218113.42068625
Base,2024-10-31,2024,2024Q4,true,Actual,1919633.57,1423223.12,1131396.07,2254046.2600000002,-830823.1400000001,23369.15,23369.152189166663,15674.168471999998,7694.983717166668,0.0021891666619922034,1131396.0721891667,2254046.262189167,-830823.1421891667,-0.4328029865560054,-0.43280298541559686,1.1404086155839644e-09,38229.6792,39562.29408299999,-16193.14189383333,232973.94769708332
Base,2024-11-30,2024,2024Q4,true,Actual,1956075.7,1493394.29,1115138.52,2221042.8200000003,-727648.5300000003,36115.380000000005,36115.38502175,27328.021058999995,8787.363962750002,0.005021749995648861,1115138.52502175,2221042.8250217503,-727648.5350217503,-0.371994056785098,-0.3719940542178405,2.5672574919512883e-09,66653.70989999999,55681.23056699999,-19565.84554524999,263512.2725753333
Base,2024-12-31,2024,2024Q4,true,Actual,2004920.59,1506746.1,1128812.47,2223423.83,-716677.73,60804.64,60804.648449,50017.923063,10786.725386000002,0.008449000000837259,1128812.478449,2223423.838449,-716677.7384489999,-0.35745941361647643,-0.35745940940234444,4.214131992548024e-09,121994.9343,94257.757662,-33453.109213,324702.5584263333
Base,2025-01-31,2025,2025Q1,true,Actual,2084030.5999999999,1602033.0699999998,1096480.65,2160710.21,-558677.1400000001,47174.63,47174.62055683333,34989.272489999996,12185.348066833336,-0.00944316666573286,1096480.6405568332,2160710.2005568333,-558677.1305568335,-0.26807530108091193,-0.2680753056121154,-4.53120346012811e-09,85339.689,89269.957953,-42095.33739616667,362867.6268695
Base,2025-02-28,2025,2025Q1,true,Actual,2136465.82,1652049.42,1134606.79,2298012.09,-645962.6699999999,36490.17,36490.170306416665,23370.630374999997,13119.53993141667,0.0003064166667172685,1134606.7903064168,2298012.0903064166,-645962.6703064166,-0.3023510436064063,-0.3023510434629841,1.434222180616344e-10,57001.5375,73004.474793,-36514.304486583336,383378.9940630833
Base,2025-03-31,2025,2025Q1,true,Actual,2155611.31,1633968.1600000001,1178944.7,2385227.06,-751258.8999999999,37486.15,37486.161398916665,23430.054257999996,14056.107140916669,0.011398916663893033,1178944.7113989166,2385227.0713989167,-751258.9113989166,-0.34851316093666096,-0.3485131556486405,5.288020438106271e-09,57146.47379999999,63654.12699899999,-26167.965600083327,403039.3064641666
Base,2025-04-30,2025,2025Q2,true,Actual,2197244.75,1669057.67,1210305.74,2455749.06,-786691.3900000001,39027.61,39027.615953,24011.691860999996,15015.924092000003,0.005952999999863096,1210305.745953,2455749.065953,-786691.3959530002,-0.3580353968091175,-0.3580353940998153,2.70930218395702e-09,58565.10209999999,59090.90202299999,-20063.286069999987,422576.7926111666
Base,2025-05-31,2025,2025Q2,true,Actual,2242515.31,1708321.4300000002,1179057.08,2353997.3,-645675.8699999996,30286.46,30286.465968250002,14683.595967,15602.870001250003,0.0059682500032067765,1179057.0859682502,2353997.3059682497,-645675.8759682496,-0.287924846304951,-0.2879248436435422,2.661408810273307e-09,35813.6487,44880.594048,-14594.128079749997,428103.9753429166
Base,2025-06-30,2025,2025Q2,true,Actual,2269115.65,1723312.19,1178626.81,2317585.6799999997,-594273.4899999998,40983.61,40983.61825583334,24405.201579,16578.416676833338,0.008255833337898366,1178626.8182558334,2317585.688255833,-594273.498255833,-0.2618965226632821,-0.2618965190249337,3.638348419084927e-09,59524.8819,53841.792768,-12858.17451216666,446645.23898708326
Base,2025-07-31,2025,2025Q3,true,Actual,2298434.55,1753982.0699999998,1137773.4,2304780.94,-550798.8700000001,29330.07,29330.066916833337,12261.521664,17068.545252833337,-0.003083166662690928,1137773.3969168332,2304780.9369168333,-550798.8669168334,-0.23964087509771967,-0.23964087643913992,-1.3414202561003656e-09,29906.150400000002,38691.866474999995,-9361.799558166658,447221.3224702499
Base,2025-08-31,2025,2025Q3,true,Actual,2333202.0,1794925.0,1136819.56,2338168.07,-543243.0699999998,33601.89,33601.88455575,15897.855903,17704.028652750003,-0.005444249996799044,1136819.55455575,2338168.0645557498,-543243.0645557499,-0.23283156132891616,-0.23283156366229749,-2.3333813346632845e-09,38775.2583,39521.846403,-5919.961847250001,452394.6962144999
Base,2025-09-30,2025,2025Q3,true,Actual,2357308.6,1812087.04,1217022.63,2416087.6199999996,-604000.5799999996,46341.94,46341.93011941666,27537.161279999997,18804.76883941667,-0.009880583340418525,1217022.6201194166,2416087.6101194164,-604000.5701194162,-0.2562246496362064,-0.25622465382767434,-4.191467905567614e-09,67163.808,55112.812461,-8770.88234158334,473216.5740950832
Base,2025-10-31,2025,2025Q4,true,Actual,2381831.66,1819406.1800000002,1228561.59,2503410.46,-684004.2799999998,37317.15,37317.149872333335,17800.830230999996,19516.319641333335,-0.00012766666623065248,1228561.5898723335,2503410.4598723333,-684004.2798723332,-0.28717574434808424,-0.2871757444016844,-5.3600205411096295e-11,43416.6591,47688.286887,-10371.137014666667,479316.0833227499
Base,2025-11-30,2025,2025Q4,true,Actual,2442439.8,1850229.4899999998,1236147.9,2476525.4,-626295.9100000001,63789.0,63789.001982999995,42570.996179999995,21218.005803000004,0.0019829999946523458,1236147.9019829999,2476525.401983,-626295.9119830001,-0.2564222512190475,-0.25642225040715444,8.118930893004389e-10,103831.698,82200.476865,-18411.47488200001,519358.7793397499
Base,2025-12-31,2025,2025Q4,true,Actual,2501575.0,1915763.42,1210853.23,2455460.07,-539696.6499999999,52494.14,52494.15615675,30074.005160999997,22420.150995750002,0.016156750003574416,1210853.24615675,2455460.0861567496,-539696.6661567499,-0.21574274853112538,-0.2157427420724943,6.458631063859535e-09,73351.2321,75923.402073,-23429.24591625,540215.8552829999
Base,2026-01-31,2026,2026Q1,true,Actual,2556450.8699999996,2008456.7799999998,1092738.15,2329096.32,-320639.54000000004,41272.759999999995,41272.756719916666,18127.977882,23144.77883791667,-0.0032800833287183195,1092738.1467199165,2329096.3167199166,-320639.53671991674,-0.1254237038085214,-0.1254237050915827,-1.283061359484808e-09,44214.5802,59230.48978499999,-17957.733065083325,543157.6787630833
Base,2026-02-28,2026,2026Q1,true,Actual,2574340.8,2019081.1099999999,1111024.78,2384215.15,-365134.04000000004,39347.53,39347.535296250004,15579.979499999998,23767.555796250002,0.005296250004903413,1111024.7852962501,2384215.15529625,-365134.04529625,-0.14183593924170804,-0.14183593718438525,2.057322793044112e-09,37999.94999999999,47011.76435999999,-7664.229063749983,541810.0934668332
Base,2026-03-31,2026,2026Q1,true,Actual,2590119.8200000003,2000890.3600000003,1203029.25,2624880.22,-623989.8599999999,44715.22,44715.21432916667,20142.504231,24572.71009816667,-0.005670833328622393,1203029.2443291666,2624880.214329167,-623989.8543291666,-0.2409115784956877,-0.24091158068509733,-2.1894096500224427e-09,49128.0591,46849.633880999994,-2134.4195518333217,546222.9382376666
Base,2026-04-30,2026,2026Q2,true,Actual,2610974.62,2046708.4200000002,1324853.52,2697201.74,-650493.3200000001,60785.25,60785.24904358334,34820.656341,25964.592702583337,-0.0009564166612108238,1324853.5190435834,2697201.7390435836,-650493.3190435834,-0.24913812415517977,-0.24913812452148618,-3.6630637995662467e-10,84928.4301,68495.80355999999,-7710.554516416647,570366.1192940833
Base,2026-05-31,2026,2026Q2,true,Actual,2644177.26,2057214.4899999998,1271678.48,2572074.1399999997,-514859.6499999999,51719.32,51719.32068216667,24764.806838999997,26954.51384316667,0.00068216666841181,1271678.4806821668,2572074.1406821664,-514859.65068216657,-0.19471449908852428,-0.19471449883053601,2.579882516695609e-10,60401.9679,63568.626258,-11849.305575833328,579048.7665119166
Base,2026-06-30,2026,2026Q2,true,Actual,2719270.69,2118762.34,1288126.25,2568678.39,-449916.0500000003,57002.89,57002.88741150001,28893.419796000002,28109.467615500005,-0.002588499992270954,1288126.2474115,2568678.3874115003,-449916.0474115003,-0.16545467469128655,-0.1654546756431962,-9.519096431958945e-10,70471.7556,69325.890999,-12323.003587499988,592517.6347004166
Base,2026-07-31,2026,2026Q3,false,FY2026 Reforecast,2788191.545068093,2203825.7627678555,1289582.045919904,2606311.6793901054,-402485.9166222499,53668.470441251426,55834.05014304354,26658.947107918088,29175.103035125456,2165.579701792114,1291747.6256216962,2608477.2590918974,-404651.496324042,-0.14513045096912794,-0.14435375407912313,0.0007766968900048172,65021.82221443437,66424.79160451627,-10590.741461472731,601705.4067718075
Base,2026-08-31,2026,2026Q3,false,FY2026 Reforecast,2793140.8672650005,2176556.2593719186,1365906.2544018405,2735743.366653036,-559187.1072811172,42569.06368596274,45356.603334099804,15559.540352629407,29797.062981470397,2787.5396481370626,1368693.7940499776,2738530.906301173,-561974.6469292543,-0.20119810408256675,-0.20020010943045077,0.0009979946521159807,37950.09842104734,49627.70167773783,-4271.098343638027,594298.9018587549
Base,2026-09-30,2026,2026Q3,false,FY2026 Reforecast,2821909.6185258864,2206861.773345235,1359187.8063519076,2726411.7750576506,-519550.00171241583,40041.01051860818,43349.456497321946,13031.487185274846,30317.969312047102,3308.4459787137675,1362496.2523306212,2729720.2210363643,-522858.4476911296,-0.1852853274458383,-0.18411291357510562,0.0011724138707326986,31784.11508603621,39403.07587162306,3946.380625698883,582733.5604474692
Base,2026-10-31,2026,2026Q4,false,FY2026 Reforecast,2844896.6146333367,2231379.8695968185,1355049.2865034991,2719666.2986977673,-488286.42910094885,40073.84710486905,43904.51198772957,13064.323771535715,30840.188216193856,3830.664882860525,1358879.9513863598,2723496.963580628,-492117.09398380935,-0.1729824175165099,-0.17163591344210638,0.0013465040744035047,31864.20432081882,34024.11368659543,9880.39830113414,570693.2527805585
Base,2026-11-30,2026,2026Q4,false,FY2026 Reforecast,2911800.7428159164,2299809.456328567,1363430.2762095383,2725446.504173829,-425637.0478452621,52607.24239076814,57461.122330802544,25597.719057434802,31863.40327336774,4853.879940034407,1368284.1561495727,2730300.3841138636,-430490.9277852965,-0.14784353937934003,-0.14617657093996106,0.0016669684393789813,62433.46111569464,50132.28910093512,7328.833229867421,575665.5915654507
Base,2026-12-31,2026,2026Q4,false,FY2026 Reforecast,2935696.8033431415,2325225.3547052657,1359313.9619757724,2718735.5632745083,-393510.2085692426,52624.47006767417,58502.253705084,25614.94673434084,32887.30697074316,5877.783637409826,1365191.7456131822,2724613.3469119184,-399387.9922066524,-0.1360453817137497,-0.1340432050479863,0.002002176665763394,62475.4798398557,56952.58237048072,1549.6713346032775,579638.8177002224
Base,2027-01-31,2027,2027Q1,false,Forward Runway Projection,2952094.8361055735,2343137.625434976,1355199.1969542305,2712032.314470081,-368894.68903510505,52624.47006767417,59046.5397354594,25614.94673434084,33431.59300111856,6422.069667785232,1361621.2666220157,2718454.3841378666,-375316.7587028903,-0.12713573903947176,-0.12496031107244299,0.0021754279670287546,62475.4798398557,61245.146197711685,-2198.6064622522827,583067.7578046187
Base,2027-02-28,2027,2027Q1,false,Forward Runway Projection,2960813.030475343,2353364.478629848,1351024.5191656102,2705275.2811347246,-351910.8025048766,52545.86678786224,59282.468968167246,25536.3434545289,33746.12551363835,6736.60218030501,1357761.1213459151,2712011.8833150296,-358647.4046851816,-0.12113139228774694,-0.11885613812243294,0.002275254165314006,62283.76452324122,62360.68705408672,-3078.2180859194705,586069.0533596927
Base,2027-03-31,2027,2027Q1,false,Forward Runway Projection,2988180.71891385,2382235.267414112,1346857.935935679,2698532.455982838,-316297.1885687257,52456.753528638685,58889.34100733802,25447.230195305354,33442.11081203267,6432.587478699337,1353290.5234143783,2704965.043461537,-322729.77604742505,-0.10800209438628984,-0.10584941752910249,0.0021526768571873615,62066.415110500864,62190.03712671502,-3300.6961193769966,589246.1274628555
Base,2027-04-30,2027,2027Q2,false,Forward Runway Projection,3015046.6484422954,2410598.759394898,1342712.07988685,2691816.457060529,-281217.69766563084,52369.84848717119,59018.416421756316,25360.325153837854,33658.09126791846,6648.567934585124,1349360.647821435,2698465.024995114,-287866.265600216,-0.09547655448347384,-0.09327142510744242,0.0022051293760314006,61854.45159472648,61988.14814315182,-2969.731721395503,592082.1626358257
Base,2027-05-31,2027,2027Q2,false,Forward Runway Projection,3047983.8131816126,2445027.969202455,1338586.811122951,2685127.129930302,-240099.1607278469,52285.096944041994,58692.20364382753,25275.573610708656,33416.630033118876,6407.106699785538,1344993.9178227365,2691534.2366300877,-246506.26742763244,-0.08087518915342234,-0.07877310886281295,0.0021020802906093956,61647.74051392356,61779.33946640176,-3087.1358225742297,595037.6995059217
Base,2027-06-30,2027,2027Q2,false,Forward Runway Projection,3096630.908369154,2495161.6125071235,1334481.9914998838,2678464.321941629,-183302.70943450555,52202.44553577511,58945.61040788928,25192.922202441776,33752.688205447506,6743.1648721141755,1341225.156371998,2685207.486813743,-190045.87430661972,-0.06137181986816365,-0.05919423879000234,0.0021775810781613216,61446.15171327262,61574.489656715006,-2628.879248825724,597538.240811305
Base,2027-07-31,2027,2027Q3,false,Forward Runway Projection,3134422.678713324,2534434.4543742537,1330397.484590162,2671827.8821954085,-137393.4278211547,52121.84222123622,59489.48762363581,25112.31888790289,34377.16873573292,7367.64540239959,1337765.1299925616,2679195.5275978083,-144761.0732235543,-0.0461842859313979,-0.04383372694251769,0.00235055898888021,61249.55826317778,61374.71600506596,-1885.2283814301481,599298.311450847
Base,2027-08-31,2027,2027Q3,false,Forward Runway Projection,3180640.1667844006,2582127.557655312,1326333.1556482953,2665217.661509259,-83090.10385394702,52043.23624886517,59604.856916231816,25033.71291553184,34571.14400069998,7561.620667366646,1333894.7763156618,2672779.282176626,-90651.72452131366,-0.028501094046410717,-0.026123704505043206,0.0023773895413675096,61057.83637934596,61179.89272476011,-1575.0358085282933,600751.2909139611
Base,2027-09-30,2027,2027Q3,false,Forward Runway Projection,3243578.013147946,2646535.5831215763,1322288.8715769886,2658633.5123836417,-12097.929262065329,51966.57812472046,59870.97099121097,24957.05479138712,34913.91619982385,7904.392866490511,1330193.264443479,2666537.905250132,-20002.32212855584,-0.006166746120326317,-0.0037298098621417427,0.002436936258184574,60870.865344846636,60989.89714608488,-1118.9261548739087,601751.1852675967
Base,2027-10-31,2027,2027Q4,false,Forward Runway Projection,3302757.2852300634,2707179.6183296703,1318264.5008941477,2652075.288968775,55104.329360895324,51891.81958131553,60164.28801608719,24882.296247982194,35281.99176810499,8272.468434771654,1326536.9693289194,2660347.7574035465,46831.86092612367,0.014179625349872315,0.016684341173758662,0.0025047158238863474,60688.527434102914,60804.60963907099,-640.3216229838072,602275.4246856124
Base,2027-11-30,2027,2027Q4,false,Forward Runway Projection,3362067.529339742,2767949.2296441956,1314259.9137006598,2645542.847032338,122406.38261185773,51818.913547227414,59990.705003773284,24809.39021389408,35181.31478987921,8171.7914565458705,1322431.7051572057,2653714.6384888836,114234.59115531185,0.03397748265268954,0.03640806781650113,0.0024305851638115918,60510.70783876605,60623.91353816801,-633.2085343947256,602795.4275206052
Base,2027-12-31,2027,2027Q4,false,Forward Runway Projection,3424965.6963058594,2832301.3878750093,1310274.9816489418,2639036.043927932,193265.34394707717,51747.81411745833,58909.10536773481,24738.29078412499,34170.81458360982,7161.291250276481,1317436.2728992181,2646197.3351782085,186104.05269680067,0.05433749391929123,0.056428402817444746,0.002090908898153518,60337.294595426814,60447.69506878628,-1538.5897010514673,604223.6167482971
Base_FullClose,2024-01-31,2024,2024Q1,true,Actual,946710.02,525109.5700000001,947423.69,1888561.3,-1363451.73,12478.2,12478.188455000001,11998.570788,479.6176669999999,-0.011544999999387073,947423.6784549999,1888561.2884550001,-1363451.718455,-1.440199944704293,-1.4401999568991568,-1.2194864061317396e-08,29264.806800000002,17266.236012,-4788.047557,16786.618345
Base_FullClose,2024-02-29,2024,2024Q1,true,Actual,1658954.41,1242959.2,977703.18,1965500.83,-722541.6300000001,18853.539999999997,18853.54643283333,17667.699581999997,1185.8468508333333,0.006432833331928123,977703.1864328334,1965500.8364328335,-722541.6364328335,-0.43554038138566664,-0.4355403775080234,3.877643227054156e-09,43091.9502,32155.156182,-13301.60974916667,41025.02211216667
Base_FullClose,2024-03-31,2024,2024Q1,true,Actual,1674355.28,1250219.24,1054104.8,2118453.97,-868234.7300000002,35559.82,35559.811660416664,33052.750527,2507.061133416667,-0.008339583335327916,1054104.7916604166,2118453.961660417,-868234.7216604169,-0.51854868081547,-0.5185486857962428,-4.980772859227294e-09,80616.4647,61571.935671,-26012.124010583335,86081.67515175001
Base_FullClose,2024-04-30,2024,2024Q2,true,Actual,1718726.73,1269606.3,1037058.49,2090908.53,-821302.23,23261.960000000003,23261.959483,19957.153070999997,3304.806412,-0.0005170000040379819,1037058.489483,2090908.529483,-821302.229483,-0.47785503951695685,-0.4778550398177609,-3.0080407490839563e-10,48675.9831,54464.08221,-31202.122727,111495.69876875001
Base_FullClose,2024-05-31,2024,2024Q2,true,Actual,1770528.8699999999,1328588.16,1098451.4,2141260.77,-812672.6100000001,35872.79,35872.80266033333,31316.197043999997,4556.605616333333,0.012660333326493856,1098451.4126603333,2141260.7826603334,-812672.6226603334,-0.4589999273269876,-0.45899992017639346,7.150594119650733e-09,76380.9684,69270.230535,-33397.42787466667,152003.86450841668
Base_FullClose,2024-06-30,2024,2024Q2,true,Actual,1801896.03,1325414.11,1083768.5,2129017.78,-803603.6699999997,22013.35,22013.353590083338,16785.771993000002,5227.581597083334,0.003590083339076955,1083768.5035900834,2129017.783590083,-803603.673590083,-0.4459767157542841,-0.4459767137618921,1.9923920577576028e-09,40940.9073,51762.05426099999,-29748.700670916653,170931.41821833333
Base_FullClose,2024-07-31,2024,2024Q3,true,Actual,1839292.55,1380989.92,1049621.29,2126136.17,-745146.25,15096.63,15096.634486666666,9489.721214999998,5606.913271666667,0.004486666666707606,1049621.2944866668,2126136.1744866665,-745146.2544866666,-0.4051265550369715,-0.4051265525976278,2.439343684998673e-09,23145.6615,35712.723864,-20616.089377333334,178980.44523166667
Base_FullClose,2024-08-31,2024,2024Q3,true,Actual,1877082.55,1405239.24,1061352.01,2108439.45,-703200.2100000002,26594.66,26594.651677916667,20181.043575,6413.608102916667,-0.008322083333041519,1061352.0016779166,2108439.441677917,-703200.2016779168,-0.37462401516540483,-0.37462401959892505,-4.433520163000566e-09,49222.0575,43151.481827999996,-16556.83015008333,201607.85105375
Base_FullClose,2024-09-30,2024,2024Q3,true,Actual,1891273.75,1415247.6400000001,1152926.23,2283191.58,-867943.94,23450.39,23450.3818675,16381.940115,7068.441752500001,-0.008132499999192078,1152926.2218674999,2283191.5718675,-867943.9318675,-0.45892030800274153,-0.4589203123027536,-4.300012094596077e-09,39955.9515,39773.11351200001,-16322.73164450001,218113.42068625
Base_FullClose,2024-10-31,2024,2024Q4,true,Actual,1919633.57,1423223.12,1131396.07,2254046.2600000002,-830823.1400000001,23369.15,23369.152189166663,15674.168471999998,7694.983717166668,0.0021891666619922034,1131396.0721891667,2254046.262189167,-830823.1421891667,-0.4328029865560054,-0.43280298541559686,1.1404086155839644e-09,38229.6792,39562.29408299999,-16193.14189383333,232973.94769708332
Base_FullClose,2024-11-30,2024,2024Q4,true,Actual,1956075.7,1493394.29,1115138.52,2221042.8200000003,-727648.5300000003,36115.380000000005,36115.38502175,27328.021058999995,8787.363962750002,0.005021749995648861,1115138.52502175,2221042.8250217503,-727648.5350217503,-0.371994056785098,-0.3719940542178405,2.5672574919512883e-09,66653.70989999999,55681.23056699999,-19565.84554524999,263512.2725753333
Base_FullClose,2024-12-31,2024,2024Q4,true,Actual,2004920.59,1506746.1,1128812.47,2223423.83,-716677.73,60804.64,60804.648449,50017.923063,10786.725386000002,0.008449000000837259,1128812.478449,2223423.838449,-716677.7384489999,-0.35745941361647643,-0.35745940940234444,4.214131992548024e-09,121994.9343,94257.757662,-33453.109213,324702.5584263333
Base_FullClose,2025-01-31,2025,2025Q1,true,Actual,2084030.5999999999,1602033.0699999998,1096480.65,2160710.21,-558677.1400000001,47174.63,47174.62055683333,34989.272489999996,12185.348066833336,-0.00944316666573286,1096480.6405568332,2160710.2005568333,-558677.1305568335,-0.26807530108091193,-0.2680753056121154,-4.53120346012811e-09,85339.689,89269.957953,-42095.33739616667,362867.6268695
Base_FullClose,2025-02-28,2025,2025Q1,true,Actual,2136465.82,1652049.42,1134606.79,2298012.09,-645962.6699999999,36490.17,36490.170306416665,23370.630374999997,13119.53993141667,0.0003064166667172685,1134606.7903064168,2298012.0903064166,-645962.6703064166,-0.3023510436064063,-0.3023510434629841,1.434222180616344e-10,57001.5375,73004.474793,-36514.304486583336,383378.9940630833
Base_FullClose,2025-03-31,2025,2025Q1,true,Actual,2155611.31,1633968.1600000001,1178944.7,2385227.06,-751258.8999999999,37486.15,37486.161398916665,23430.054257999996,14056.107140916669,0.011398916663893033,1178944.7113989166,2385227.0713989167,-751258.9113989166,-0.34851316093666096,-0.3485131556486405,5.288020438106271e-09,57146.47379999999,63654.12699899999,-26167.965600083327,403039.3064641666
Base_FullClose,2025-04-30,2025,2025Q2,true,Actual,2197244.75,1669057.67,1210305.74,2455749.06,-786691.3900000001,39027.61,39027.615953,24011.691860999996,15015.924092000003,0.005952999999863096,1210305.745953,2455749.065953,-786691.3959530002,-0.3580353968091175,-0.3580353940998153,2.70930218395702e-09,58565.10209999999,59090.90202299999,-20063.286069999987,422576.7926111666
Base_FullClose,2025-05-31,2025,2025Q2,true,Actual,2242515.31,1708321.4300000002,1179057.08,2353997.3,-645675.8699999996,30286.46,30286.465968250002,14683.595967,15602.870001250003,0.0059682500032067765,1179057.0859682502,2353997.3059682497,-645675.8759682496,-0.287924846304951,-0.2879248436435422,2.661408810273307e-09,35813.6487,44880.594048,-14594.128079749997,428103.9753429166
Base_FullClose,2025-06-30,2025,2025Q2,true,Actual,2269115.65,1723312.19,1178626.81,2317585.6799999997,-594273.4899999998,40983.61,40983.61825583334,24405.201579,16578.416676833338,0.008255833337898366,1178626.8182558334,2317585.688255833,-594273.498255833,-0.2618965226632821,-0.2618965190249337,3.638348419084927e-09,59524.8819,53841.792768,-12858.17451216666,446645.23898708326
Base_FullClose,2025-07-31,2025,2025Q3,true,Actual,2298434.55,1753982.0699999998,1137773.4,2304780.94,-550798.8700000001,29330.07,29330.066916833337,12261.521664,17068.545252833337,-0.003083166662690928,1137773.3969168332,2304780.9369168333,-550798.8669168334,-0.23964087509771967,-0.23964087643913992,-1.3414202561003656e-09,29906.150400000002,38691.866474999995,-9361.799558166658,447221.3224702499
Base_FullClose,2025-08-31,2025,2025Q3,true,Actual,2333202.0,1794925.0,1136819.56,2338168.07,-543243.0699999998,33601.89,33601.88455575,15897.855903,17704.028652750003,-0.005444249996799044,1136819.55455575,2338168.0645557498,-543243.0645557499,-0.23283156132891616,-0.23283156366229749,-2.3333813346632845e-09,38775.2583,39521.846403,-5919.961847250001,452394.6962144999
Base_FullClose,2025-09-30,2025,2025Q3,true,Actual,2357308.6,1812087.04,1217022.63,2416087.6199999996,-604000.5799999996,46341.94,46341.93011941666,27537.161279999997,18804.76883941667,-0.009880583340418525,1217022.6201194166,2416087.6101194164,-604000.5701194162,-0.2562246496362064,-0.25622465382767434,-4.191467905567614e-09,67163.808,55112.812461,-8770.88234158334,473216.5740950832
Base_FullClose,2025-10-31,2025,2025Q4,true,Actual,2381831.66,1819406.1800000002,1228561.59,2503410.46,-684004.2799999998,37317.15,37317.149872333335,17800.830230999996,19516.319641333335,-0.00012766666623065248,1228561.5898723335,2503410.4598723333,-684004.2798723332,-0.28717574434808424,-0.2871757444016844,-5.3600205411096295e-11,43416.6591,47688.286887,-10371.137014666667,479316.0833227499
Base_FullClose,2025-11-30,2025,2025Q4,true,Actual,2442439.8,1850229.4899999998,1236147.9,2476525.4,-626295.9100000001,63789.0,63789.001982999995,42570.996179999995,21218.005803000004,0.0019829999946523458,1236147.9019829999,2476525.401983,-626295.9119830001,-0.2564222512190475,-0.25642225040715444,8.118930893004389e-10,103831.698,82200.476865,-18411.47488200001,519358.7793397499
Base_FullClose,2025-12-31,2025,2025Q4,true,Actual,2501575.0,1915763.42,1210853.23,2455460.07,-539696.6499999999,52494.14,52494.15615675,30074.005160999997,22420.150995750002,0.016156750003574416,1210853.24615675,2455460.0861567496,-539696.6661567499,-0.21574274853112538,-0.2157427420724943,6.458631063859535e-09,73351.2321,75923.402073,-23429.24591625,540215.8552829999
Base_FullClose,2026-01-31,2026,2026Q1,true,Actual,2556450.8699999996,2008456.7799999998,1092738.15,2329096.32,-320639.54000000004,41272.759999999995,41272.756719916666,18127.977882,23144.77883791667,-0.0032800833287183195,1092738.1467199165,2329096.3167199166,-320639.53671991674,-0.1254237038085214,-0.1254237050915827,-1.283061359484808e-09,44214.5802,59230.48978499999,-17957.733065083325,543157.6787630833
Base_FullClose,2026-02-28,2026,2026Q1,true,Actual,2574340.8,2019081.1099999999,1111024.78,2384215.15,-365134.04000000004,39347.53,39347.535296250004,15579.979499999998,23767.555796250002,0.005296250004903413,1111024.7852962501,2384215.15529625,-365134.04529625,-0.14183593924170804,-0.14183593718438525,2.057322793044112e-09,37999.94999999999,47011.76435999999,-7664.229063749983,541810.0934668332
Base_FullClose,2026-03-31,2026,2026Q1,true,Actual,2590119.8200000003,2000890.3600000003,1203029.25,2624880.22,-623989.8599999999,44715.22,44715.21432916667,20142.504231,24572.71009816667,-0.005670833328622393,1203029.2443291666,2624880.214329167,-623989.8543291666,-0.2409115784956877,-0.24091158068509733,-2.1894096500224427e-09,49128.0591,46849.633880999994,-2134.4195518333217,546222.9382376666
Base_FullClose,2026-04-30,2026,2026Q2,true,Actual,2610974.62,2046708.4200000002,1324853.52,2697201.74,-650493.3200000001,60785.25,60785.24904358334,34820.656341,25964.592702583337,-0.0009564166612108238,1324853.5190435834,2697201.7390435836,-650493.3190435834,-0.24913812415517977,-0.24913812452148618,-3.6630637995662467e-10,84928.4301,68495.80355999999,-7710.554516416647,570366.1192940833
Base_FullClose,2026-05-31,2026,2026Q2,true,Actual,2644177.26,2057214.4899999998,1271678.48,2572074.1399999997,-514859.6499999999,51719.32,51719.32068216667,24764.806838999997,26954.51384316667,0.00068216666841181,1271678.4806821668,2572074.1406821664,-514859.65068216657,-0.19471449908852428,-0.19471449883053601,2.579882516695609e-10,60401.9679,63568.626258,-11849.305575833328,579048.7665119166
Base_FullClose,2026-06-30,2026,2026Q2,true,Actual,2719270.69,2118762.34,1288126.25,2568678.39,-449916.0500000003,57002.89,57002.88741150001,28893.419796000002,28109.467615500005,-0.002588499992270954,1288126.2474115,2568678.3874115003,-449916.0474115003,-0.16545467469128655,-0.1654546756431962,-9.519096431958945e-10,70471.7556,69325.890999,-12323.003587499988,592517.6347004166
Base_FullClose,2026-07-31,2026,2026Q3,false,FY2026 Reforecast,2788191.545068093,2203825.7627678555,1289582.045919904,2606311.6793901054,-402485.9166222499,53668.470441251426,55834.05014304354,26658.947107918088,29175.103035125456,2165.579701792114,1291747.6256216962,2608477.2590918974,-404651.496324042,-0.14513045096912794,-0.14435375407912313,0.0007766968900048172,65021.82221443437,66424.79160451627,-10590.741461472731,601705.4067718075
Base_FullClose,2026-08-31,2026,2026Q3,false,FY2026 Reforecast,2793140.867265,2176556.2593719177,1365906.2544018405,2735743.366653036,-559187.1072811182,42569.06368596274,45356.603334099804,15559.540352629407,29797.062981470397,2787.5396481370626,1368693.7940499776,2738530.906301173,-561974.6469292552,-0.2011981040825671,-0.20020010943045113,0.0009979946521159809,37950.09842104734,49627.70167773783,-4271.098343638027,594298.9018587549
Base_FullClose,2026-09-30,2026,2026Q3,false,FY2026 Reforecast,2821909.6185258864,2206861.773345235,1359187.8063519076,2726411.7750576506,-519550.00171241583,40041.01051860818,43349.456497321946,13031.487185274846,30317.969312047102,3308.4459787137675,1362496.2523306212,2729720.2210363643,-522858.4476911296,-0.1852853274458383,-0.18411291357510562,0.0011724138707326986,31784.11508603621,39403.07587162306,3946.380625698883,582733.5604474692
Base_FullClose,2026-10-31,2026,2026Q4,false,FY2026 Reforecast,2844896.6146333357,2231379.8695968175,1401642.4677248732,2766259.4799191416,-534879.6103223241,40073.84710486905,43904.51198772957,13064.323771535715,30840.188216193856,3830.664882860525,1405473.1326077338,2770090.1448020022,-538710.2752051846,-0.18936022927308246,-0.18801372519867898,0.0013465040744035052,31864.20432081882,34024.11368659543,9880.39830113414,570693.2527805585
Base_FullClose,2026-11-30,2026,2026Q4,false,FY2026 Reforecast,2911870.1238967944,2299878.837409445,1409812.546300756,2771828.7742650467,-471949.9368556016,52624.47006767417,57479.03864791011,25614.94673434084,31864.091913569267,4854.568580235937,1414667.114880992,2776683.3428452825,-476804.50543583755,-0.1637451140155099,-0.16207794880082674,0.0016671652146831798,62475.4798398557,50157.08014819015,7321.958499719956,575689.6939725041
Base_FullClose,2026-12-31,2026,2026Q4,false,FY2026 Reforecast,2935718.2017674823,2325246.7531296066,1405451.9826416536,2764873.5839403896,-439626.83081078297,52624.47006767417,58502.94234528552,25614.94673434084,32887.99561094468,5878.4722776113485,1411330.454919265,2770752.056218001,-445505.30308839434,-0.15175342879305406,-0.14975103214814714,0.0020023966449069083,62475.4798398557,56962.246677037765,1540.695668247754,579662.2314670742
Base_FullClose,2027-01-31,2027,2027Q1,false,Forward Runway Projection,2952133.7423316482,2343176.531661051,1401111.3074607488,2757944.4249765994,-414767.89331554854,52624.47006767417,59047.22837566093,25614.94673434084,33432.28164132009,6422.758307986762,1407534.0657687355,2764367.1832845863,-421190.6516235353,-0.14267329612610008,-0.14049766356044474,0.0021756325656553596,62475.4798398557,61251.02881909423,-2203.800443433298,583090.482931269
Base_FullClose,2027-02-28,2027,2027Q1,false,Forward Runway Projection,2961168.4959533536,2353719.9441078585,1396790.428938861,2751041.1909079757,-397321.2468001172,52624.47006767417,59364.902889203004,25614.94673434084,33749.956154862164,6740.432821528833,1403530.8617603898,2757781.6237295046,-404061.679621646,-0.1364534575367207,-0.13417718287327615,0.002276274663444553,62475.4798398557,62475.4798398557,-3110.5769506526995,586201.0598819217
Base_FullClose,2027-03-31,2027,2027Q1,false,Forward Runway Projection,2988992.7033191943,2383047.2518194565,1392489.2556852247,2744163.7757323836,-361116.52391292714,52624.47006767417,59067.59230399509,25614.94673434084,33452.64556965425,6443.122236320916,1398932.3779215456,2750606.8979687043,-367559.64614924806,-0.12297107508528983,-0.12081545850276489,0.0021556165825249445,62475.4798398557,62475.4798398557,-3407.8875358606165,589608.9474177824
Base_FullClose,2027-04-30,2027,2027Q2,false,Forward Runway Projection,3016496.8271950665,2412048.938147669,1388207.6967354706,2737312.0739091495,-325263.1357614803,52624.47006767417,59293.75072278716,25614.94673434084,33678.80398844632,6669.280655112991,1394876.9773905836,2743981.3545642626,-331932.4164165933,-0.11003904046046867,-0.10782810471706379,0.0022109357434048813,62475.4798398557,62475.4798398557,-3181.729117068542,592790.676534851
Base_FullClose,2027-05-31,2027,2027Q2,false,Forward Runway Projection,3050262.020129085,2447306.1761499275,1383945.6615496203,2730485.9803569713,-283179.8042070437,52624.47006767417,59065.855215829244,25614.94673434084,33450.908481488405,6441.385148155074,1390387.0466977754,2736927.3655051263,-289621.1893551988,-0.09494961004790738,-0.09283786190769924,0.002111748140208125,62475.4798398557,62475.4798398557,-3409.624624026459,596200.3011588774
Base_FullClose,2027-06-30,2027,2027Q2,false,Forward Runway Projection,3099922.273294629,2498452.9774325984,1379703.0600100872,2723685.3904518327,-225232.41301923431,52624.47006767417,59418.782932454655,25614.94673434084,33803.836198113815,6794.312864780484,1386497.3728748676,2730479.703316613,-232026.7258840148,-0.07484920763429802,-0.07265743885244419,0.002191768781853817,62475.4798398557,62475.4798398557,-3056.6969074010485,599256.9980662785
Base_FullClose,2027-07-31,2027,2027Q3,false,Forward Runway Projection,3138907.743902369,2538919.5195632987,1375479.8024196879,2716910.200024934,-177990.68046163535,52624.47006767417,60063.35495524673,25614.94673434084,34448.40822090589,7438.88488757256,1382918.6873072605,2724349.0849125064,-185429.5653492079,-0.05907455091963844,-0.05670465492571402,0.002369895993924419,62475.4798398557,62475.4798398557,-2412.124884608973,601669.1229508875
Base_FullClose,2027-08-31,2027,2027Q3,false,Forward Runway Projection,3186495.000702593,2587982.3915735045,1371275.7994996638,2710160.305360628,-122177.91378712328,52624.47006767417,60280.56382137215,25614.94673434084,34665.61708703131,7656.093753697976,1378931.8932533618,2717816.3991143256,-129834.00754082126,-0.04074508433629868,-0.03834241502346125,0.002402669312837421,62475.4798398557,62475.4798398557,-2194.9160184835564,603864.0389693711
Base_FullClose,2027-09-30,2027,2027Q3,false,Forward Runway Projection,3250974.321301686,2653931.8912753165,1367090.96238771,2703435.603194363,-49503.71191904647,52624.47006767417,60649.63386916422,25614.94673434084,35034.68713482338,8025.163801490053,1375116.1261892002,2711460.766995853,-57528.875720536525,-0.017695887458594885,-0.015227346335736434,0.0024685411228584503,62475.4798398557,62475.4798398557,-1825.84597069148,605689.8849400626
Base_FullClose,2027-10-31,2027,2027Q4,false,Forward Runway Projection,3311862.5182802733,2716284.8513798807,1362925.2026360177,2696735.990710645,19548.8606692357,52624.47006767417,61046.995601872964,25614.94673434084,35432.048867532125,8422.525534198794,1371347.7281702165,2705158.5162448436,11126.335135036905,0.0033595401601436026,0.005902678798208898,0.0025431386380652954,62475.4798398557,62475.4798398557,-1428.4842379827387,607118.3691780454
Base_FullClose,2027-11-30,2027,2027Q4,false,Forward Runway Projection,3373044.988536516,2778926.68884097,1358778.4322093194,2690061.3655409976,88865.32329997234,52624.47006767417,60978.51905366505,25614.94673434084,35363.57231932421,8354.048985990878,1367132.4811953104,2698415.4145269883,80511.27431398147,0.023869018820562304,0.02634572725889698,0.002476708438334675,62475.4798398557,62475.4798398557,-1496.9607861906552,608615.3299642361
Base_FullClose,2027-12-31,2027,2027Q4,false,Forward Runway Projection,3437974.636310455,2845310.327879605,1354650.5634829504,2683411.625761941,161898.7021176638,52624.47006767417,60003.06132779046,25614.94673434084,34388.11459344962,7378.591260116293,1362029.1547430668,2690790.217022057,154520.11085754752,0.04494509913644229,0.04709130207295807,0.002146202936515787,62475.4798398557,62475.4798398557,-2472.41851206524,611087.7484763011
Base_Targeted,2024-01-31,2024,2024Q1,true,Actual,946710.02,525109.5700000001,947423.69,1888561.3,-1363451.73,12478.2,12478.188455000001,11998.570788,479.6176669999999,-0.011544999999387073,947423.6784549999,1888561.2884550001,-1363451.718455,-1.440199944704293,-1.4401999568991568,-1.2194864061317396e-08,29264.806800000002,17266.236012,-4788.047557,16786.618345
Base_Targeted,2024-02-29,2024,2024Q1,true,Actual,1658954.41,1242959.2,977703.18,1965500.83,-722541.6300000001,18853.539999999997,18853.54643283333,17667.699581999997,1185.8468508333333,0.006432833331928123,977703.1864328334,1965500.8364328335,-722541.6364328335,-0.43554038138566664,-0.4355403775080234,3.877643227054156e-09,43091.9502,32155.156182,-13301.60974916667,41025.02211216667
Base_Targeted,2024-03-31,2024,2024Q1,true,Actual,1674355.28,1250219.24,1054104.8,2118453.97,-868234.7300000002,35559.82,35559.811660416664,33052.750527,2507.061133416667,-0.008339583335327916,1054104.7916604166,2118453.961660417,-868234.7216604169,-0.51854868081547,-0.5185486857962428,-4.980772859227294e-09,80616.4647,61571.935671,-26012.124010583335,86081.67515175001
Base_Targeted,2024-04-30,2024,2024Q2,true,Actual,1718726.73,1269606.3,1037058.49,2090908.53,-821302.23,23261.960000000003,23261.959483,19957.153070999997,3304.806412,-0.0005170000040379819,1037058.489483,2090908.529483,-821302.229483,-0.47785503951695685,-0.4778550398177609,-3.0080407490839563e-10,48675.9831,54464.08221,-31202.122727,111495.69876875001
Base_Targeted,2024-05-31,2024,2024Q2,true,Actual,1770528.8699999999,1328588.16,1098451.4,2141260.77,-812672.6100000001,35872.79,35872.80266033333,31316.197043999997,4556.605616333333,0.012660333326493856,1098451.4126603333,2141260.7826603334,-812672.6226603334,-0.4589999273269876,-0.45899992017639346,7.150594119650733e-09,76380.9684,69270.230535,-33397.42787466667,152003.86450841668
Base_Targeted,2024-06-30,2024,2024Q2,true,Actual,1801896.03,1325414.11,1083768.5,2129017.78,-803603.6699999997,22013.35,22013.353590083338,16785.771993000002,5227.581597083334,0.003590083339076955,1083768.5035900834,2129017.783590083,-803603.673590083,-0.4459767157542841,-0.4459767137618921,1.9923920577576028e-09,40940.9073,51762.05426099999,-29748.700670916653,170931.41821833333
Base_Targeted,2024-07-31,2024,2024Q3,true,Actual,1839292.55,1380989.92,1049621.29,2126136.17,-745146.25,15096.63,15096.634486666666,9489.721214999998,5606.913271666667,0.004486666666707606,1049621.2944866668,2126136.1744866665,-745146.2544866666,-0.4051265550369715,-0.4051265525976278,2.439343684998673e-09,23145.6615,35712.723864,-20616.089377333334,178980.44523166667
Base_Targeted,2024-08-31,2024,2024Q3,true,Actual,1877082.55,1405239.24,1061352.01,2108439.45,-703200.2100000002,26594.66,26594.651677916667,20181.043575,6413.608102916667,-0.008322083333041519,1061352.0016779166,2108439.441677917,-703200.2016779168,-0.37462401516540483,-0.37462401959892505,-4.433520163000566e-09,49222.0575,43151.481827999996,-16556.83015008333,201607.85105375
Base_Targeted,2024-09-30,2024,2024Q3,true,Actual,1891273.75,1415247.6400000001,1152926.23,2283191.58,-867943.94,23450.39,23450.3818675,16381.940115,7068.441752500001,-0.008132499999192078,1152926.2218674999,2283191.5718675,-867943.9318675,-0.45892030800274153,-0.4589203123027536,-4.300012094596077e-09,39955.9515,39773.11351200001,-16322.73164450001,218113.42068625
Base_Targeted,2024-10-31,2024,2024Q4,true,Actual,1919633.57,1423223.12,1131396.07,2254046.2600000002,-830823.1400000001,23369.15,23369.152189166663,15674.168471999998,7694.983717166668,0.0021891666619922034,1131396.0721891667,2254046.262189167,-830823.1421891667,-0.4328029865560054,-0.43280298541559686,1.1404086155839644e-09,38229.6792,39562.29408299999,-16193.14189383333,232973.94769708332
Base_Targeted,2024-11-30,2024,2024Q4,true,Actual,1956075.7,1493394.29,1115138.52,2221042.8200000003,-727648.5300000003,36115.380000000005,36115.38502175,27328.021058999995,8787.363962750002,0.005021749995648861,1115138.52502175,2221042.8250217503,-727648.5350217503,-0.371994056785098,-0.3719940542178405,2.5672574919512883e-09,66653.70989999999,55681.23056699999,-19565.84554524999,263512.2725753333
Base_Targeted,2024-12-31,2024,2024Q4,true,Actual,2004920.59,1506746.1,1128812.47,2223423.83,-716677.73,60804.64,60804.648449,50017.923063,10786.725386000002,0.008449000000837259,1128812.478449,2223423.838449,-716677.7384489999,-0.35745941361647643,-0.35745940940234444,4.214131992548024e-09,121994.9343,94257.757662,-33453.109213,324702.5584263333
Base_Targeted,2025-01-31,2025,2025Q1,true,Actual,2084030.5999999999,1602033.0699999998,1096480.65,2160710.21,-558677.1400000001,47174.63,47174.62055683333,34989.272489999996,12185.348066833336,-0.00944316666573286,1096480.6405568332,2160710.2005568333,-558677.1305568335,-0.26807530108091193,-0.2680753056121154,-4.53120346012811e-09,85339.689,89269.957953,-42095.33739616667,362867.6268695
Base_Targeted,2025-02-28,2025,2025Q1,true,Actual,2136465.82,1652049.42,1134606.79,2298012.09,-645962.6699999999,36490.17,36490.170306416665,23370.630374999997,13119.53993141667,0.0003064166667172685,1134606.7903064168,2298012.0903064166,-645962.6703064166,-0.3023510436064063,-0.3023510434629841,1.434222180616344e-10,57001.5375,73004.474793,-36514.304486583336,383378.9940630833
Base_Targeted,2025-03-31,2025,2025Q1,true,Actual,2155611.31,1633968.1600000001,1178944.7,2385227.06,-751258.8999999999,37486.15,37486.161398916665,23430.054257999996,14056.107140916669,0.011398916663893033,1178944.7113989166,2385227.0713989167,-751258.9113989166,-0.34851316093666096,-0.3485131556486405,5.288020438106271e-09,57146.47379999999,63654.12699899999,-26167.965600083327,403039.3064641666
Base_Targeted,2025-04-30,2025,2025Q2,true,Actual,2197244.75,1669057.67,1210305.74,2455749.06,-786691.3900000001,39027.61,39027.615953,24011.691860999996,15015.924092000003,0.005952999999863096,1210305.745953,2455749.065953,-786691.3959530002,-0.3580353968091175,-0.3580353940998153,2.70930218395702e-09,58565.10209999999,59090.90202299999,-20063.286069999987,422576.7926111666
Base_Targeted,2025-05-31,2025,2025Q2,true,Actual,2242515.31,1708321.4300000002,1179057.08,2353997.3,-645675.8699999996,30286.46,30286.465968250002,14683.595967,15602.870001250003,0.0059682500032067765,1179057.0859682502,2353997.3059682497,-645675.8759682496,-0.287924846304951,-0.2879248436435422,2.661408810273307e-09,35813.6487,44880.594048,-14594.128079749997,428103.9753429166
Base_Targeted,2025-06-30,2025,2025Q2,true,Actual,2269115.65,1723312.19,1178626.81,2317585.6799999997,-594273.4899999998,40983.61,40983.61825583334,24405.201579,16578.416676833338,0.008255833337898366,1178626.8182558334,2317585.688255833,-594273.498255833,-0.2618965226632821,-0.2618965190249337,3.638348419084927e-09,59524.8819,53841.792768,-12858.17451216666,446645.23898708326
Base_Targeted,2025-07-31,2025,2025Q3,true,Actual,2298434.55,1753982.0699999998,1137773.4,2304780.94,-550798.8700000001,29330.07,29330.066916833337,12261.521664,17068.545252833337,-0.003083166662690928,1137773.3969168332,2304780.9369168333,-550798.8669168334,-0.23964087509771967,-0.23964087643913992,-1.3414202561003656e-09,29906.150400000002,38691.866474999995,-9361.799558166658,447221.3224702499
Base_Targeted,2025-08-31,2025,2025Q3,true,Actual,2333202.0,1794925.0,1136819.56,2338168.07,-543243.0699999998,33601.89,33601.88455575,15897.855903,17704.028652750003,-0.005444249996799044,1136819.55455575,2338168.0645557498,-543243.0645557499,-0.23283156132891616,-0.23283156366229749,-2.3333813346632845e-09,38775.2583,39521.846403,-5919.961847250001,452394.6962144999
Base_Targeted,2025-09-30,2025,2025Q3,true,Actual,2357308.6,1812087.04,1217022.63,2416087.6199999996,-604000.5799999996,46341.94,46341.93011941666,27537.161279999997,18804.76883941667,-0.009880583340418525,1217022.6201194166,2416087.6101194164,-604000.5701194162,-0.2562246496362064,-0.25622465382767434,-4.191467905567614e-09,67163.808,55112.812461,-8770.88234158334,473216.5740950832
Base_Targeted,2025-10-31,2025,2025Q4,true,Actual,2381831.66,1819406.1800000002,1228561.59,2503410.46,-684004.2799999998,37317.15,37317.149872333335,17800.830230999996,19516.319641333335,-0.00012766666623065248,1228561.5898723335,2503410.4598723333,-684004.2798723332,-0.28717574434808424,-0.2871757444016844,-5.3600205411096295e-11,43416.6591,47688.286887,-10371.137014666667,479316.0833227499
Base_Targeted,2025-11-30,2025,2025Q4,true,Actual,2442439.8,1850229.4899999998,1236147.9,2476525.4,-626295.9100000001,63789.0,63789.001982999995,42570.996179999995,21218.005803000004,0.0019829999946523458,1236147.9019829999,2476525.401983,-626295.9119830001,-0.2564222512190475,-0.25642225040715444,8.118930893004389e-10,103831.698,82200.476865,-18411.47488200001,519358.7793397499
Base_Targeted,2025-12-31,2025,2025Q4,true,Actual,2501575.0,1915763.42,1210853.23,2455460.07,-539696.6499999999,52494.14,52494.15615675,30074.005160999997,22420.150995750002,0.016156750003574416,1210853.24615675,2455460.0861567496,-539696.6661567499,-0.21574274853112538,-0.2157427420724943,6.458631063859535e-09,73351.2321,75923.402073,-23429.24591625,540215.8552829999
Base_Targeted,2026-01-31,2026,2026Q1,true,Actual,2556450.8699999996,2008456.7799999998,1092738.15,2329096.32,-320639.54000000004,41272.759999999995,41272.756719916666,18127.977882,23144.77883791667,-0.0032800833287183195,1092738.1467199165,2329096.3167199166,-320639.53671991674,-0.1254237038085214,-0.1254237050915827,-1.283061359484808e-09,44214.5802,59230.48978499999,-17957.733065083325,543157.6787630833
Base_Targeted,2026-02-28,2026,2026Q1,true,Actual,2574340.8,2019081.1099999999,1111024.78,2384215.15,-365134.04000000004,39347.53,39347.535296250004,15579.979499999998,23767.555796250002,0.005296250004903413,1111024.7852962501,2384215.15529625,-365134.04529625,-0.14183593924170804,-0.14183593718438525,2.057322793044112e-09,37999.94999999999,47011.76435999999,-7664.229063749983,541810.0934668332
Base_Targeted,2026-03-31,2026,2026Q1,true,Actual,2590119.8200000003,2000890.3600000003,1203029.25,2624880.22,-623989.8599999999,44715.22,44715.21432916667,20142.504231,24572.71009816667,-0.005670833328622393,1203029.2443291666,2624880.214329167,-623989.8543291666,-0.2409115784956877,-0.24091158068509733,-2.1894096500224427e-09,49128.0591,46849.633880999994,-2134.4195518333217,546222.9382376666
Base_Targeted,2026-04-30,2026,2026Q2,true,Actual,2610974.62,2046708.4200000002,1324853.52,2697201.74,-650493.3200000001,60785.25,60785.24904358334,34820.656341,25964.592702583337,-0.0009564166612108238,1324853.5190435834,2697201.7390435836,-650493.3190435834,-0.24913812415517977,-0.24913812452148618,-3.6630637995662467e-10,84928.4301,68495.80355999999,-7710.554516416647,570366.1192940833
Base_Targeted,2026-05-31,2026,2026Q2,true,Actual,2644177.26,2057214.4899999998,1271678.48,2572074.1399999997,-514859.6499999999,51719.32,51719.32068216667,24764.806838999997,26954.51384316667,0.00068216666841181,1271678.4806821668,2572074.1406821664,-514859.65068216657,-0.19471449908852428,-0.19471449883053601,2.579882516695609e-10,60401.9679,63568.626258,-11849.305575833328,579048.7665119166
Base_Targeted,2026-06-30,2026,2026Q2,true,Actual,2719270.69,2118762.34,1288126.25,2568678.39,-449916.0500000003,57002.89,57002.88741150001,28893.419796000002,28109.467615500005,-0.002588499992270954,1288126.2474115,2568678.3874115003,-449916.0474115003,-0.16545467469128655,-0.1654546756431962,-9.519096431958945e-10,70471.7556,69325.890999,-12323.003587499988,592517.6347004166
Base_Targeted,2026-07-31,2026,2026Q3,false,FY2026 Reforecast,2788191.545068093,2203825.7627678555,1289582.045919904,2606311.6793901054,-402485.9166222499,53668.470441251426,55834.05014304354,26658.947107918088,29175.103035125456,2165.579701792114,1291747.6256216962,2608477.2590918974,-404651.496324042,-0.14513045096912794,-0.14435375407912313,0.0007766968900048172,65021.82221443437,66424.79160451627,-10590.741461472731,601705.4067718075
Base_Targeted,2026-08-31,2026,2026Q3,false,FY2026 Reforecast,2793140.867265,2176556.2593719177,1365906.2544018405,2735743.366653036,-559187.1072811182,42569.06368596274,45356.603334099804,15559.540352629407,29797.062981470397,2787.5396481370626,1368693.7940499776,2738530.906301173,-561974.6469292552,-0.2011981040825671,-0.20020010943045113,0.0009979946521159809,37950.09842104734,49627.70167773783,-4271.098343638027,594298.9018587549
Base_Targeted,2026-09-30,2026,2026Q3,false,FY2026 Reforecast,2821909.6185258864,2206861.773345235,1359187.8063519076,2726411.7750576506,-519550.00171241583,40041.01051860818,43349.456497321946,13031.487185274846,30317.969312047102,3308.4459787137675,1362496.2523306212,2729720.2210363643,-522858.4476911296,-0.1852853274458383,-0.18411291357510562,0.0011724138707326986,31784.11508603621,39403.07587162306,3946.380625698883,582733.5604474692
Base_Targeted,2026-10-31,2026,2026Q4,false,FY2026 Reforecast,2844896.6146333357,2231379.8695968175,1355049.2865034991,2719666.2986977673,-488286.4291009498,40073.84710486905,43904.51198772957,13064.323771535715,30840.188216193856,3830.664882860525,1358879.9513863598,2723496.963580628,-492117.0939838103,-0.17298241751651025,-0.17163591344210677,0.0013465040744035052,31864.20432081882,34024.11368659543,9880.39830113414,570693.2527805585
Base_Targeted,2026-11-30,2026,2026Q4,false,FY2026 Reforecast,2911800.742815916,2299809.4563285667,1363430.2762095383,2725446.504173829,-425637.04784526257,52607.24239076814,57461.122330802544,25597.719057434802,31863.40327336774,4853.879940034407,1368284.1561495727,2730300.3841138636,-430490.927785297,-0.14784353937934022,-0.14617657093996123,0.0016669684393789816,62433.46111569464,50132.28910093512,7328.833229867421,575665.5915654507
Base_Targeted,2026-12-31,2026,2026Q4,false,FY2026 Reforecast,2935696.8033431415,2325225.3547052657,1359313.9619757724,2718735.5632745083,-393510.2085692426,52624.47006767417,58502.253705084,25614.94673434084,32887.30697074316,5877.783637409826,1365191.7456131822,2724613.3469119184,-399387.9922066524,-0.1360453817137497,-0.1340432050479863,0.002002176665763394,62475.4798398557,56952.58237048072,1549.6713346032775,579638.8177002224
Base_Targeted,2027-01-31,2027,2027Q1,false,Forward Runway Projection,2952094.8361055725,2343137.625434975,1355199.1969542305,2712032.314470081,-368894.689035106,52624.47006767417,59046.5397354594,25614.94673434084,33431.59300111856,6422.069667785232,1361621.2666220157,2718454.3841378666,-375316.75870289124,-0.1271357390394721,-0.12496031107244335,0.0021754279670287554,62475.4798398557,61245.146197711685,-2198.6064622522827,583067.7578046187
Base_Targeted,2027-02-28,2027,2027Q1,false,Forward Runway Projection,2960813.0304753426,2353364.4786298475,1351024.5191656102,2705275.2811347246,-351910.8025048771,52545.86678786224,59282.468968167246,25536.3434545289,33746.12551363835,6736.60218030501,1357761.1213459151,2712011.8833150296,-358647.4046851821,-0.12113139228774712,-0.11885613812243312,0.0022752541653140064,62283.76452324122,62360.68705408672,-3078.2180859194705,586069.0533596927
Base_Targeted,2027-03-31,2027,2027Q1,false,Forward Runway Projection,2988180.71891385,2382235.267414112,1346857.935935679,2698532.455982838,-316297.1885687257,52456.753528638685,58889.34100733802,25447.230195305354,33442.11081203267,6432.587478699337,1353290.5234143783,2704965.043461537,-322729.77604742505,-0.10800209438628984,-0.10584941752910249,0.0021526768571873615,62066.415110500864,62190.03712671502,-3300.6961193769966,589246.1274628555
Base_Targeted,2027-04-30,2027,2027Q2,false,Forward Runway Projection,3015046.6484422954,2410598.759394898,1342712.07988685,2691816.457060529,-281217.69766563084,52369.84848717119,59018.416421756316,25360.325153837854,33658.09126791846,6648.567934585124,1349360.647821435,2698465.024995114,-287866.265600216,-0.09547655448347384,-0.09327142510744242,0.0022051293760314006,61854.45159472648,61988.14814315182,-2969.731721395503,592082.1626358257
Base_Targeted,2027-05-31,2027,2027Q2,false,Forward Runway Projection,3047983.8131816126,2445027.969202455,1338586.811122951,2685127.129930302,-240099.1607278469,52285.09694404199,58692.20364382753,25275.573610708656,33416.630033118876,6407.106699785545,1344993.9178227365,2691534.2366300877,-246506.26742763244,-0.08087518915342234,-0.07877310886281295,0.0021020802906093978,61647.740513923556,61779.33946640175,-3087.135822574215,595037.6995059217
Base_Targeted,2027-06-30,2027,2027Q2,false,Forward Runway Projection,3096630.908369154,2495161.6125071235,1334481.9914998838,2678464.321941629,-183302.70943450555,52202.445535775114,58945.61040788928,25192.922202441776,33752.688205447506,6743.164872114168,1341225.156371998,2685207.486813743,-190045.87430661972,-0.06137181986816365,-0.05919423879000234,0.0021775810781613195,61446.15171327263,61574.489656715006,-2628.879248825724,597538.240811305
Base_Targeted,2027-07-31,2027,2027Q3,false,Forward Runway Projection,3134422.678713323,2534434.454374253,1330397.484590162,2671827.8821954085,-137393.42782115564,52121.84222123622,59489.4876236358,25112.31888790289,34377.168735732914,7367.645402399583,1337765.1299925616,2679195.527597808,-144761.07322355523,-0.046184285931398214,-0.043833726942518005,0.002350558988880208,61249.55826317778,61374.71600506596,-1885.2283814301554,599298.311450847
Base_Targeted,2027-08-31,2027,2027Q3,false,Forward Runway Projection,3180640.1667844006,2582127.557655312,1326333.1556482953,2665217.661509259,-83090.10385394702,52043.23624886517,59604.856916231816,25033.71291553184,34571.14400069998,7561.620667366646,1333894.7763156618,2672779.282176626,-90651.72452131366,-0.028501094046410717,-0.026123704505043206,0.0023773895413675096,61057.83637934596,61179.89272476011,-1575.0358085282933,600751.2909139611
Base_Targeted,2027-09-30,2027,2027Q3,false,Forward Runway Projection,3243578.013147947,2646535.5831215773,1322288.8715769886,2658633.5123836417,-12097.929262064397,51966.57812472046,59870.97099121097,24957.05479138712,34913.91619982385,7904.392866490511,1330193.264443479,2666537.905250132,-20002.322128554908,-0.006166746120326028,-0.0037298098621414547,0.0024369362581845733,60870.865344846636,60989.89714608488,-1118.9261548739087,601751.1852675967
Base_Targeted,2027-10-31,2027,2027Q4,false,Forward Runway Projection,3302757.2852300634,2707179.6183296703,1318264.5008941477,2652075.288968775,55104.329360895324,51891.81958131553,60164.28801608718,24882.296247982194,35281.991768104985,8272.468434771647,1326536.9693289194,2660347.7574035465,46831.86092612368,0.014179625349872316,0.016684341173758662,0.0025047158238863452,60688.527434102914,60804.60963907099,-640.3216229838144,602275.4246856124
Base_Targeted,2027-11-30,2027,2027Q4,false,Forward Runway Projection,3362067.529339742,2767949.2296441956,1314259.9137006598,2645542.847032338,122406.38261185773,51818.913547227414,59990.705003773284,24809.39021389408,35181.31478987921,8171.7914565458705,1322431.7051572057,2653714.6384888836,114234.59115531185,0.03397748265268954,0.03640806781650113,0.0024305851638115918,60510.70783876605,60623.91353816801,-633.2085343947256,602795.4275206052
Base_Targeted,2027-12-31,2027,2027Q4,false,Forward Runway Projection,3424965.6963058594,2832301.3878750093,1310274.9816489418,2639036.043927932,193265.34394707717,51747.81411745833,58909.10536773481,24738.29078412499,34170.81458360982,7161.291250276481,1317436.2728992181,2646197.3351782085,186104.05269680067,0.05433749391929123,0.056428402817444746,0.002090908898153518,60337.294595426814,60447.69506878628,-1538.5897010514673,604223.6167482971
Bear,2024-01-31,2024,2024Q1,true,Actual,946710.02,525109.5700000001,947423.69,1888561.3,-1363451.73,12478.2,12478.188455000001,11998.570788,479.6176669999999,-0.011544999999387073,947423.6784549999,1888561.2884550001,-1363451.718455,-1.440199944704293,-1.4401999568991568,-1.2194864061317396e-08,29264.806800000002,17266.236012,-4788.047557,16786.618345
Bear,2024-02-29,2024,2024Q1,true,Actual,1658954.41,1242959.2,977703.18,1965500.83,-722541.6300000001,18853.539999999997,18853.54643283333,17667.699581999997,1185.8468508333333,0.006432833331928123,977703.1864328334,1965500.8364328335,-722541.6364328335,-0.43554038138566664,-0.4355403775080234,3.877643227054156e-09,43091.9502,32155.156182,-13301.60974916667,41025.02211216667
Bear,2024-03-31,2024,2024Q1,true,Actual,1674355.28,1250219.24,1054104.8,2118453.97,-868234.7300000002,35559.82,35559.811660416664,33052.750527,2507.061133416667,-0.008339583335327916,1054104.7916604166,2118453.961660417,-868234.7216604169,-0.51854868081547,-0.5185486857962428,-4.980772859227294e-09,80616.4647,61571.935671,-26012.124010583335,86081.67515175001
Bear,2024-04-30,2024,2024Q2,true,Actual,1718726.73,1269606.3,1037058.49,2090908.53,-821302.23,23261.960000000003,23261.959483,19957.153070999997,3304.806412,-0.0005170000040379819,1037058.489483,2090908.529483,-821302.229483,-0.47785503951695685,-0.4778550398177609,-3.0080407490839563e-10,48675.9831,54464.08221,-31202.122727,111495.69876875001
Bear,2024-05-31,2024,2024Q2,true,Actual,1770528.8699999999,1328588.16,1098451.4,2141260.77,-812672.6100000001,35872.79,35872.80266033333,31316.197043999997,4556.605616333333,0.012660333326493856,1098451.4126603333,2141260.7826603334,-812672.6226603334,-0.4589999273269876,-0.45899992017639346,7.150594119650733e-09,76380.9684,69270.230535,-33397.42787466667,152003.86450841668
Bear,2024-06-30,2024,2024Q2,true,Actual,1801896.03,1325414.11,1083768.5,2129017.78,-803603.6699999997,22013.35,22013.353590083338,16785.771993000002,5227.581597083334,0.003590083339076955,1083768.5035900834,2129017.783590083,-803603.673590083,-0.4459767157542841,-0.4459767137618921,1.9923920577576028e-09,40940.9073,51762.05426099999,-29748.700670916653,170931.41821833333
Bear,2024-07-31,2024,2024Q3,true,Actual,1839292.55,1380989.92,1049621.29,2126136.17,-745146.25,15096.63,15096.634486666666,9489.721214999998,5606.913271666667,0.004486666666707606,1049621.2944866668,2126136.1744866665,-745146.2544866666,-0.4051265550369715,-0.4051265525976278,2.439343684998673e-09,23145.6615,35712.723864,-20616.089377333334,178980.44523166667
Bear,2024-08-31,2024,2024Q3,true,Actual,1877082.55,1405239.24,1061352.01,2108439.45,-703200.2100000002,26594.66,26594.651677916667,20181.043575,6413.608102916667,-0.008322083333041519,1061352.0016779166,2108439.441677917,-703200.2016779168,-0.37462401516540483,-0.37462401959892505,-4.433520163000566e-09,49222.0575,43151.481827999996,-16556.83015008333,201607.85105375
Bear,2024-09-30,2024,2024Q3,true,Actual,1891273.75,1415247.6400000001,1152926.23,2283191.58,-867943.94,23450.39,23450.3818675,16381.940115,7068.441752500001,-0.008132499999192078,1152926.2218674999,2283191.5718675,-867943.9318675,-0.45892030800274153,-0.4589203123027536,-4.300012094596077e-09,39955.9515,39773.11351200001,-16322.73164450001,218113.42068625
Bear,2024-10-31,2024,2024Q4,true,Actual,1919633.57,1423223.12,1131396.07,2254046.2600000002,-830823.1400000001,23369.15,23369.152189166663,15674.168471999998,7694.983717166668,0.0021891666619922034,1131396.0721891667,2254046.262189167,-830823.1421891667,-0.4328029865560054,-0.43280298541559686,1.1404086155839644e-09,38229.6792,39562.29408299999,-16193.14189383333,232973.94769708332
Bear,2024-11-30,2024,2024Q4,true,Actual,1956075.7,1493394.29,1115138.52,2221042.8200000003,-727648.5300000003,36115.380000000005,36115.38502175,27328.021058999995,8787.363962750002,0.005021749995648861,1115138.52502175,2221042.8250217503,-727648.5350217503,-0.371994056785098,-0.3719940542178405,2.5672574919512883e-09,66653.70989999999,55681.23056699999,-19565.84554524999,263512.2725753333
Bear,2024-12-31,2024,2024Q4,true,Actual,2004920.59,1506746.1,1128812.47,2223423.83,-716677.73,60804.64,60804.648449,50017.923063,10786.725386000002,0.008449000000837259,1128812.478449,2223423.838449,-716677.7384489999,-0.35745941361647643,-0.35745940940234444,4.214131992548024e-09,121994.9343,94257.757662,-33453.109213,324702.5584263333
Bear,2025-01-31,2025,2025Q1,true,Actual,2084030.5999999999,1602033.0699999998,1096480.65,2160710.21,-558677.1400000001,47174.63,47174.62055683333,34989.272489999996,12185.348066833336,-0.00944316666573286,1096480.6405568332,2160710.2005568333,-558677.1305568335,-0.26807530108091193,-0.2680753056121154,-4.53120346012811e-09,85339.689,89269.957953,-42095.33739616667,362867.6268695
Bear,2025-02-28,2025,2025Q1,true,Actual,2136465.82,1652049.42,1134606.79,2298012.09,-645962.6699999999,36490.17,36490.170306416665,23370.630374999997,13119.53993141667,0.0003064166667172685,1134606.7903064168,2298012.0903064166,-645962.6703064166,-0.3023510436064063,-0.3023510434629841,1.434222180616344e-10,57001.5375,73004.474793,-36514.304486583336,383378.9940630833
Bear,2025-03-31,2025,2025Q1,true,Actual,2155611.31,1633968.1600000001,1178944.7,2385227.06,-751258.8999999999,37486.15,37486.161398916665,23430.054257999996,14056.107140916669,0.011398916663893033,1178944.7113989166,2385227.0713989167,-751258.9113989166,-0.34851316093666096,-0.3485131556486405,5.288020438106271e-09,57146.47379999999,63654.12699899999,-26167.965600083327,403039.3064641666
Bear,2025-04-30,2025,2025Q2,true,Actual,2197244.75,1669057.67,1210305.74,2455749.06,-786691.3900000001,39027.61,39027.615953,24011.691860999996,15015.924092000003,0.005952999999863096,1210305.745953,2455749.065953,-786691.3959530002,-0.3580353968091175,-0.3580353940998153,2.70930218395702e-09,58565.10209999999,59090.90202299999,-20063.286069999987,422576.7926111666
Bear,2025-05-31,2025,2025Q2,true,Actual,2242515.31,1708321.4300000002,1179057.08,2353997.3,-645675.8699999996,30286.46,30286.465968250002,14683.595967,15602.870001250003,0.0059682500032067765,1179057.0859682502,2353997.3059682497,-645675.8759682496,-0.287924846304951,-0.2879248436435422,2.661408810273307e-09,35813.6487,44880.594048,-14594.128079749997,428103.9753429166
Bear,2025-06-30,2025,2025Q2,true,Actual,2269115.65,1723312.19,1178626.81,2317585.6799999997,-594273.4899999998,40983.61,40983.61825583334,24405.201579,16578.416676833338,0.008255833337898366,1178626.8182558334,2317585.688255833,-594273.498255833,-0.2618965226632821,-0.2618965190249337,3.638348419084927e-09,59524.8819,53841.792768,-12858.17451216666,446645.23898708326
Bear,2025-07-31,2025,2025Q3,true,Actual,2298434.55,1753982.0699999998,1137773.4,2304780.94,-550798.8700000001,29330.07,29330.066916833337,12261.521664,17068.545252833337,-0.003083166662690928,1137773.3969168332,2304780.9369168333,-550798.8669168334,-0.23964087509771967,-0.23964087643913992,-1.3414202561003656e-09,29906.150400000002,38691.866474999995,-9361.799558166658,447221.3224702499
Bear,2025-08-31,2025,2025Q3,true,Actual,2333202.0,1794925.0,1136819.56,2338168.07,-543243.0699999998,33601.89,33601.88455575,15897.855903,17704.028652750003,-0.005444249996799044,1136819.55455575,2338168.0645557498,-543243.0645557499,-0.23283156132891616,-0.23283156366229749,-2.3333813346632845e-09,38775.2583,39521.846403,-5919.961847250001,452394.6962144999
Bear,2025-09-30,2025,2025Q3,true,Actual,2357308.6,1812087.04,1217022.63,2416087.6199999996,-604000.5799999996,46341.94,46341.93011941666,27537.161279999997,18804.76883941667,-0.009880583340418525,1217022.6201194166,2416087.6101194164,-604000.5701194162,-0.2562246496362064,-0.25622465382767434,-4.191467905567614e-09,67163.808,55112.812461,-8770.88234158334,473216.5740950832
Bear,2025-10-31,2025,2025Q4,true,Actual,2381831.66,1819406.1800000002,1228561.59,2503410.46,-684004.2799999998,37317.15,37317.149872333335,17800.830230999996,19516.319641333335,-0.00012766666623065248,1228561.5898723335,2503410.4598723333,-684004.2798723332,-0.28717574434808424,-0.2871757444016844,-5.3600205411096295e-11,43416.6591,47688.286887,-10371.137014666667,479316.0833227499
Bear,2025-11-30,2025,2025Q4,true,Actual,2442439.8,1850229.4899999998,1236147.9,2476525.4,-626295.9100000001,63789.0,63789.001982999995,42570.996179999995,21218.005803000004,0.0019829999946523458,1236147.9019829999,2476525.401983,-626295.9119830001,-0.2564222512190475,-0.25642225040715444,8.118930893004389e-10,103831.698,82200.476865,-18411.47488200001,519358.7793397499
Bear,2025-12-31,2025,2025Q4,true,Actual,2501575.0,1915763.42,1210853.23,2455460.07,-539696.6499999999,52494.14,52494.15615675,30074.005160999997,22420.150995750002,0.016156750003574416,1210853.24615675,2455460.0861567496,-539696.6661567499,-0.21574274853112538,-0.2157427420724943,6.458631063859535e-09,73351.2321,75923.402073,-23429.24591625,540215.8552829999
Bear,2026-01-31,2026,2026Q1,true,Actual,2556450.8699999996,2008456.7799999998,1092738.15,2329096.32,-320639.54000000004,41272.759999999995,41272.756719916666,18127.977882,23144.77883791667,-0.0032800833287183195,1092738.1467199165,2329096.3167199166,-320639.53671991674,-0.1254237038085214,-0.1254237050915827,-1.283061359484808e-09,44214.5802,59230.48978499999,-17957.733065083325,543157.6787630833
Bear,2026-02-28,2026,2026Q1,true,Actual,2574340.8,2019081.1099999999,1111024.78,2384215.15,-365134.04000000004,39347.53,39347.535296250004,15579.979499999998,23767.555796250002,0.005296250004903413,1111024.7852962501,2384215.15529625,-365134.04529625,-0.14183593924170804,-0.14183593718438525,2.057322793044112e-09,37999.94999999999,47011.76435999999,-7664.229063749983,541810.0934668332
Bear,2026-03-31,2026,2026Q1,true,Actual,2590119.8200000003,2000890.3600000003,1203029.25,2624880.22,-623989.8599999999,44715.22,44715.21432916667,20142.504231,24572.71009816667,-0.005670833328622393,1203029.2443291666,2624880.214329167,-623989.8543291666,-0.2409115784956877,-0.24091158068509733,-2.1894096500224427e-09,49128.0591,46849.633880999994,-2134.4195518333217,546222.9382376666
Bear,2026-04-30,2026,2026Q2,true,Actual,2610974.62,2046708.4200000002,1324853.52,2697201.74,-650493.3200000001,60785.25,60785.24904358334,34820.656341,25964.592702583337,-0.0009564166612108238,1324853.5190435834,2697201.7390435836,-650493.3190435834,-0.24913812415517977,-0.24913812452148618,-3.6630637995662467e-10,84928.4301,68495.80355999999,-7710.554516416647,570366.1192940833
Bear,2026-05-31,2026,2026Q2,true,Actual,2644177.26,2057214.4899999998,1271678.48,2572074.1399999997,-514859.6499999999,51719.32,51719.32068216667,24764.806838999997,26954.51384316667,0.00068216666841181,1271678.4806821668,2572074.1406821664,-514859.65068216657,-0.19471449908852428,-0.19471449883053601,2.579882516695609e-10,60401.9679,63568.626258,-11849.305575833328,579048.7665119166
Bear,2026-06-30,2026,2026Q2,true,Actual,2719270.69,2118762.34,1288126.25,2568678.39,-449916.0500000003,57002.89,57002.88741150001,28893.419796000002,28109.467615500005,-0.002588499992270954,1288126.2474115,2568678.3874115003,-449916.0474115003,-0.16545467469128655,-0.1654546756431962,-9.519096431958945e-10,70471.7556,69325.890999,-12323.003587499988,592517.6347004166
Bear,2026-07-31,2026,2026Q3,false,FY2026 Reforecast,2779727.073782879,2195361.2914826414,1285583.2038537164,2602312.837323918,-406951.54584127665,49669.62837506371,51675.36276391201,22660.10504173037,29015.25772218164,2005.734388848301,1287588.9382425647,2604318.5717127663,-408957.28023012495,-0.14712137896098648,-0.14639982093186718,0.0007215580291192884,55268.5488822692,60670.36033853883,-8994.997574626817,596110.8208187738
Bear,2026-08-31,2026,2026Q3,false,FY2026 Reforecast,2782968.3314553527,2166383.7235622704,1363572.323348946,2733409.435600141,-567025.7120378707,40235.13263306833,42769.532976309834,13225.609299734995,29543.92367657484,2534.4003432415047,1366106.7236921873,2735943.8359433827,-569560.1123811122,-0.20465921438756035,-0.20374853196455336,0.0009106824230069987,32257.583657890234,44025.86510107716,-1256.332124767323,585598.8715003541
Bear,2026-09-30,2026,2026Q3,false,FY2026 Reforecast,2799667.110818038,2184619.2656373866,1357233.0832741163,2724457.0519798594,-539837.7863424728,38086.28744081695,41063.45816504865,11076.764107483617,29986.694057565037,2977.170724231699,1360210.253998348,2727434.222704091,-542814.9570667045,-0.19388553552286392,-0.19282213383745359,0.0010634016854103043,27016.497823130772,33915.445024479595,7148.013140569055,571551.9111584362
Bear,2026-10-31,2026,2026Q4,false,FY2026 Reforecast,2810865.055196153,2197348.310159635,1353089.6379377688,2717706.6501320372,-520358.33997240243,38114.19853913869,41535.25533189513,11104.675205805355,30430.580126089775,3421.0567927564407,1356510.6947305254,2721127.706924794,-523779.39676515886,-0.18634099698130385,-0.18512391372558787,0.0012170832557159904,27084.57367269599,28920.496633606115,12614.758698289017,557101.229499237
Bear,2026-11-30,2026,2026Q4,false,FY2026 Reforecast,2849208.921653811,2237217.6351664616,1357400.7342716225,2719416.962235913,-482199.32706945157,46577.70045285226,50780.95402748649,19568.17711951893,31212.776907967564,4203.253574634233,1361603.9878462567,2723620.2158105476,-486402.58064408577,-0.1707149577370253,-0.16923972243831142,0.0014752352987138875,47727.261267119335,39461.1491338744,11319.80489361209,554047.5367388699
Bear,2026-12-31,2026,2026Q4,false,FY2026 Reforecast,2854165.289417541,2243693.8407796654,1353267.1923609504,2712688.793659686,-468994.9528800207,46577.70045285226,51563.15080936428,19568.17711951893,31994.973689845352,4985.450356512018,1358252.6427174625,2717674.244016198,-473980.40323653276,-0.16606620681497375,-0.1643194788398993,0.001746727975074427,47727.261267119335,44008.854466140525,7554.296343223752,550211.6471966249
Bear,2027-01-31,2027,2027Q1,false,Forward Runway Projection,2843498.0944849355,2234540.883814338,1349152.4273394085,2705985.544855259,-471444.66104092076,46577.70045285226,51865.72992424207,19568.17711951893,32297.55280472314,5288.029471389811,1354440.4568107983,2711273.574326649,-476732.6905123106,-0.16765711622488877,-0.1657974246423109,0.0018596915825778572,47727.261267119335,46901.5537633424,4964.176160899668,546073.1785395022
Bear,2027-02-28,2027,2027Q1,false,Forward Runway Projection,2823973.955221378,2216525.4033758827,1345056.3528306002,2699307.1147997146,-482781.711423832,46577.70045285226,51941.697522286515,19568.17711951893,32373.52040276759,5363.9970694342555,1350420.3499000345,2704671.111869149,-488145.70849326625,-0.1728577232770546,-0.1709582733690565,0.0018994499079980926,47727.261267119335,47727.261267119335,4214.43625516718,541858.742284335
Bear,2027-03-31,2027,2027Q1,false,Forward Runway Projection,2826997.1604507826,2221051.708951045,1340978.8828598924,2692653.402907051,-471601.6939560063,46577.70045285226,51402.68002158098,19568.17711951893,31834.502902062046,4824.979568728719,1345803.8624286212,2697478.38247578,-476426.67352473503,-0.16852746801088608,-0.16682071724501005,0.0017067507658760242,47727.261267119335,47727.261267119335,3675.4187544616434,538183.3235298733
Bear,2027-04-30,2027,2027Q2,false,Forward Runway Projection,2829636.2654922255,2225188.376444828,1336919.931852531,2686024.30902621,-460835.9325813819,46577.70045285226,51387.131524875425,19568.17711951893,31818.9544053565,4809.431072023166,1341729.3629245542,2690833.7400982333,-465645.36365340505,-0.164560148359706,-0.16286048429663372,0.001699664063072272,47727.261267119335,47727.261267119335,3659.8702577560907,534523.4532721172
Bear,2027-05-31,2027,2027Q2,false,Forward Runway Projection,2839788.6534034433,2236832.809424286,1332879.4146317614,2679419.733439112,-442586.9240148263,46577.70045285226,50917.52910241988,19568.17711951893,31349.351982900957,4339.828649567622,1337219.243281329,2683759.5620886795,-446926.7526643939,-0.15738028677900345,-0.15585206437260485,0.0015282224063985902,47727.261267119335,47727.261267119335,3190.2678353005467,531333.1854368167
Bear,2027-06-30,2027,2027Q2,false,Forward Runway Projection,2869015.1135924915,2267545.817730461,1328857.2464169608,2672839.5768587063,-405293.7591282455,46577.70045285226,51028.74990354767,19568.17711951893,31460.572784028744,4451.049450695413,1333308.2958676564,2677290.626309402,-409744.8085789409,-0.14281723600468288,-0.1412658152995051,0.0015514207051777944,47727.261267119335,47727.261267119335,3301.4886364283375,528031.6968003883
Bear,2027-07-31,2027,2027Q3,false,Forward Runway Projection,2885431.834712176,2285443.610373106,1324853.342821778,2666283.740427024,-380840.13005391834,46577.70045285226,51431.61501084213,19568.17711951893,31863.4378913232,4853.914557989869,1329707.257379768,2671137.654985014,-385694.0446119082,-0.13366943553195443,-0.13198722127910098,0.001682214252853438,47727.261267119335,47727.261267119335,3704.3537437227933,524327.3430566655
Bear,2027-08-31,2027,2027Q3,false,Forward Runway Projection,2912170.6992628397,2313658.0901337513,1320867.6198522823,2659752.1257132464,-346094.03557949513,46577.70045285226,51407.11696146992,19568.17711951893,31838.93984195099,4829.416508617658,1325697.0363609,2664581.542221864,-350923.45208811277,-0.12050236346960785,-0.11884400720984598,0.0016583562597618788,47727.261267119335,47727.261267119335,3679.855694350583,520647.48736231495
Bear,2027-09-30,2027,2027Q3,false,Forward Runway Projection,2959180.040372148,2362137.610345778,1316899.9939051203,2653244.634711773,-291107.0243659951,46577.70045285226,51534.480093764374,19568.17711951893,31966.302974245442,4956.779640912115,1321856.7735460324,2658201.414352685,-296063.8040069072,-0.10004927039507676,-0.09837421866679842,0.0016750517282783331,47727.261267119335,47727.261267119335,3807.2188266450394,516840.2685356699
Bear,2027-10-31,2027,2027Q4,false,Forward Runway Projection,3001880.0331368474,2406302.366236455,1312950.3817656843,2646761.1698403116,-240458.80360385682,46577.70045285226,51690.134910975496,19568.17711951893,32121.957791456563,5112.434458123236,1318062.8162238076,2651873.6042984347,-245571.23806198005,-0.08180581347395409,-0.08010273593531543,0.0017030775386386583,47727.261267119335,47727.261267119335,3962.873643856161,512877.39489181375
Bear,2027-11-30,2027,2027Q4,false,Forward Runway Projection,3044933.1538347346,2450814.8541391883,1309018.7006062844,2640301.633937963,-189486.7797987745,46577.70045285226,51379.95144726995,19568.17711951893,31811.77432775102,4802.250994417693,1313820.951600702,2645103.8849323806,-194289.0307931922,-0.06380732218981822,-0.06223019364485497,0.0015771285449632361,47727.261267119335,47727.261267119335,3652.6901801506174,509224.70471166313
Bear,2027-12-31,2027,2027Q4,false,Forward Runway Projection,3092482.8875538576,2499818.5791230076,1305104.8679843356,2633865.930263326,-134047.35114031844,46577.70045285226,50162.78680589774,19568.17711951893,30594.60968637881,3585.086353045481,1308689.954337381,2637451.0166163715,-137632.43749336392,-0.044505480708490086,-0.043346190104983695,0.0011592906035063854,47727.261267119335,47727.261267119335,2435.5255387784055,506789.1791728849
Bull,2024-01-31,2024,2024Q1,true,Actual,946710.02,525109.5700000001,947423.69,1888561.3,-1363451.73,12478.2,12478.188455000001,11998.570788,479.6176669999999,-0.011544999999387073,947423.6784549999,1888561.2884550001,-1363451.718455,-1.440199944704293,-1.4401999568991568,-1.2194864061317396e-08,29264.806800000002,17266.236012,-4788.047557,16786.618345
Bull,2024-02-29,2024,2024Q1,true,Actual,1658954.41,1242959.2,977703.18,1965500.83,-722541.6300000001,18853.539999999997,18853.54643283333,17667.699581999997,1185.8468508333333,0.006432833331928123,977703.1864328334,1965500.8364328335,-722541.6364328335,-0.43554038138566664,-0.4355403775080234,3.877643227054156e-09,43091.9502,32155.156182,-13301.60974916667,41025.02211216667
Bull,2024-03-31,2024,2024Q1,true,Actual,1674355.28,1250219.24,1054104.8,2118453.97,-868234.7300000002,35559.82,35559.811660416664,33052.750527,2507.061133416667,-0.008339583335327916,1054104.7916604166,2118453.961660417,-868234.7216604169,-0.51854868081547,-0.5185486857962428,-4.980772859227294e-09,80616.4647,61571.935671,-26012.124010583335,86081.67515175001
Bull,2024-04-30,2024,2024Q2,true,Actual,1718726.73,1269606.3,1037058.49,2090908.53,-821302.23,23261.960000000003,23261.959483,19957.153070999997,3304.806412,-0.0005170000040379819,1037058.489483,2090908.529483,-821302.229483,-0.47785503951695685,-0.4778550398177609,-3.0080407490839563e-10,48675.9831,54464.08221,-31202.122727,111495.69876875001
Bull,2024-05-31,2024,2024Q2,true,Actual,1770528.8699999999,1328588.16,1098451.4,2141260.77,-812672.6100000001,35872.79,35872.80266033333,31316.197043999997,4556.605616333333,0.012660333326493856,1098451.4126603333,2141260.7826603334,-812672.6226603334,-0.4589999273269876,-0.45899992017639346,7.150594119650733e-09,76380.9684,69270.230535,-33397.42787466667,152003.86450841668
Bull,2024-06-30,2024,2024Q2,true,Actual,1801896.03,1325414.11,1083768.5,2129017.78,-803603.6699999997,22013.35,22013.353590083338,16785.771993000002,5227.581597083334,0.003590083339076955,1083768.5035900834,2129017.783590083,-803603.673590083,-0.4459767157542841,-0.4459767137618921,1.9923920577576028e-09,40940.9073,51762.05426099999,-29748.700670916653,170931.41821833333
Bull,2024-07-31,2024,2024Q3,true,Actual,1839292.55,1380989.92,1049621.29,2126136.17,-745146.25,15096.63,15096.634486666666,9489.721214999998,5606.913271666667,0.004486666666707606,1049621.2944866668,2126136.1744866665,-745146.2544866666,-0.4051265550369715,-0.4051265525976278,2.439343684998673e-09,23145.6615,35712.723864,-20616.089377333334,178980.44523166667
Bull,2024-08-31,2024,2024Q3,true,Actual,1877082.55,1405239.24,1061352.01,2108439.45,-703200.2100000002,26594.66,26594.651677916667,20181.043575,6413.608102916667,-0.008322083333041519,1061352.0016779166,2108439.441677917,-703200.2016779168,-0.37462401516540483,-0.37462401959892505,-4.433520163000566e-09,49222.0575,43151.481827999996,-16556.83015008333,201607.85105375
Bull,2024-09-30,2024,2024Q3,true,Actual,1891273.75,1415247.6400000001,1152926.23,2283191.58,-867943.94,23450.39,23450.3818675,16381.940115,7068.441752500001,-0.008132499999192078,1152926.2218674999,2283191.5718675,-867943.9318675,-0.45892030800274153,-0.4589203123027536,-4.300012094596077e-09,39955.9515,39773.11351200001,-16322.73164450001,218113.42068625
Bull,2024-10-31,2024,2024Q4,true,Actual,1919633.57,1423223.12,1131396.07,2254046.2600000002,-830823.1400000001,23369.15,23369.152189166663,15674.168471999998,7694.983717166668,0.0021891666619922034,1131396.0721891667,2254046.262189167,-830823.1421891667,-0.4328029865560054,-0.43280298541559686,1.1404086155839644e-09,38229.6792,39562.29408299999,-16193.14189383333,232973.94769708332
Bull,2024-11-30,2024,2024Q4,true,Actual,1956075.7,1493394.29,1115138.52,2221042.8200000003,-727648.5300000003,36115.380000000005,36115.38502175,27328.021058999995,8787.363962750002,0.005021749995648861,1115138.52502175,2221042.8250217503,-727648.5350217503,-0.371994056785098,-0.3719940542178405,2.5672574919512883e-09,66653.70989999999,55681.23056699999,-19565.84554524999,263512.2725753333
Bull,2024-12-31,2024,2024Q4,true,Actual,2004920.59,1506746.1,1128812.47,2223423.83,-716677.73,60804.64,60804.648449,50017.923063,10786.725386000002,0.008449000000837259,1128812.478449,2223423.838449,-716677.7384489999,-0.35745941361647643,-0.35745940940234444,4.214131992548024e-09,121994.9343,94257.757662,-33453.109213,324702.5584263333
Bull,2025-01-31,2025,2025Q1,true,Actual,2084030.5999999999,1602033.0699999998,1096480.65,2160710.21,-558677.1400000001,47174.63,47174.62055683333,34989.272489999996,12185.348066833336,-0.00944316666573286,1096480.6405568332,2160710.2005568333,-558677.1305568335,-0.26807530108091193,-0.2680753056121154,-4.53120346012811e-09,85339.689,89269.957953,-42095.33739616667,362867.6268695
Bull,2025-02-28,2025,2025Q1,true,Actual,2136465.82,1652049.42,1134606.79,2298012.09,-645962.6699999999,36490.17,36490.170306416665,23370.630374999997,13119.53993141667,0.0003064166667172685,1134606.7903064168,2298012.0903064166,-645962.6703064166,-0.3023510436064063,-0.3023510434629841,1.434222180616344e-10,57001.5375,73004.474793,-36514.304486583336,383378.9940630833
Bull,2025-03-31,2025,2025Q1,true,Actual,2155611.31,1633968.1600000001,1178944.7,2385227.06,-751258.8999999999,37486.15,37486.161398916665,23430.054257999996,14056.107140916669,0.011398916663893033,1178944.7113989166,2385227.0713989167,-751258.9113989166,-0.34851316093666096,-0.3485131556486405,5.288020438106271e-09,57146.47379999999,63654.12699899999,-26167.965600083327,403039.3064641666
Bull,2025-04-30,2025,2025Q2,true,Actual,2197244.75,1669057.67,1210305.74,2455749.06,-786691.3900000001,39027.61,39027.615953,24011.691860999996,15015.924092000003,0.005952999999863096,1210305.745953,2455749.065953,-786691.3959530002,-0.3580353968091175,-0.3580353940998153,2.70930218395702e-09,58565.10209999999,59090.90202299999,-20063.286069999987,422576.7926111666
Bull,2025-05-31,2025,2025Q2,true,Actual,2242515.31,1708321.4300000002,1179057.08,2353997.3,-645675.8699999996,30286.46,30286.465968250002,14683.595967,15602.870001250003,0.0059682500032067765,1179057.0859682502,2353997.3059682497,-645675.8759682496,-0.287924846304951,-0.2879248436435422,2.661408810273307e-09,35813.6487,44880.594048,-14594.128079749997,428103.9753429166
Bull,2025-06-30,2025,2025Q2,true,Actual,2269115.65,1723312.19,1178626.81,2317585.6799999997,-594273.4899999998,40983.61,40983.61825583334,24405.201579,16578.416676833338,0.008255833337898366,1178626.8182558334,2317585.688255833,-594273.498255833,-0.2618965226632821,-0.2618965190249337,3.638348419084927e-09,59524.8819,53841.792768,-12858.17451216666,446645.23898708326
Bull,2025-07-31,2025,2025Q3,true,Actual,2298434.55,1753982.0699999998,1137773.4,2304780.94,-550798.8700000001,29330.07,29330.066916833337,12261.521664,17068.545252833337,-0.003083166662690928,1137773.3969168332,2304780.9369168333,-550798.8669168334,-0.23964087509771967,-0.23964087643913992,-1.3414202561003656e-09,29906.150400000002,38691.866474999995,-9361.799558166658,447221.3224702499
Bull,2025-08-31,2025,2025Q3,true,Actual,2333202.0,1794925.0,1136819.56,2338168.07,-543243.0699999998,33601.89,33601.88455575,15897.855903,17704.028652750003,-0.005444249996799044,1136819.55455575,2338168.0645557498,-543243.0645557499,-0.23283156132891616,-0.23283156366229749,-2.3333813346632845e-09,38775.2583,39521.846403,-5919.961847250001,452394.6962144999
Bull,2025-09-30,2025,2025Q3,true,Actual,2357308.6,1812087.04,1217022.63,2416087.6199999996,-604000.5799999996,46341.94,46341.93011941666,27537.161279999997,18804.76883941667,-0.009880583340418525,1217022.6201194166,2416087.6101194164,-604000.5701194162,-0.2562246496362064,-0.25622465382767434,-4.191467905567614e-09,67163.808,55112.812461,-8770.88234158334,473216.5740950832
Bull,2025-10-31,2025,2025Q4,true,Actual,2381831.66,1819406.1800000002,1228561.59,2503410.46,-684004.2799999998,37317.15,37317.149872333335,17800.830230999996,19516.319641333335,-0.00012766666623065248,1228561.5898723335,2503410.4598723333,-684004.2798723332,-0.28717574434808424,-0.2871757444016844,-5.3600205411096295e-11,43416.6591,47688.286887,-10371.137014666667,479316.0833227499
Bull,2025-11-30,2025,2025Q4,true,Actual,2442439.8,1850229.4899999998,1236147.9,2476525.4,-626295.9100000001,63789.0,63789.001982999995,42570.996179999995,21218.005803000004,0.0019829999946523458,1236147.9019829999,2476525.401983,-626295.9119830001,-0.2564222512190475,-0.25642225040715444,8.118930893004389e-10,103831.698,82200.476865,-18411.47488200001,519358.7793397499
Bull,2025-12-31,2025,2025Q4,true,Actual,2501575.0,1915763.42,1210853.23,2455460.07,-539696.6499999999,52494.14,52494.15615675,30074.005160999997,22420.150995750002,0.016156750003574416,1210853.24615675,2455460.0861567496,-539696.6661567499,-0.21574274853112538,-0.2157427420724943,6.458631063859535e-09,73351.2321,75923.402073,-23429.24591625,540215.8552829999
Bull,2026-01-31,2026,2026Q1,true,Actual,2556450.8699999996,2008456.7799999998,1092738.15,2329096.32,-320639.54000000004,41272.759999999995,41272.756719916666,18127.977882,23144.77883791667,-0.0032800833287183195,1092738.1467199165,2329096.3167199166,-320639.53671991674,-0.1254237038085214,-0.1254237050915827,-1.283061359484808e-09,44214.5802,59230.48978499999,-17957.733065083325,543157.6787630833
Bull,2026-02-28,2026,2026Q1,true,Actual,2574340.8,2019081.1099999999,1111024.78,2384215.15,-365134.04000000004,39347.53,39347.535296250004,15579.979499999998,23767.555796250002,0.005296250004903413,1111024.7852962501,2384215.15529625,-365134.04529625,-0.14183593924170804,-0.14183593718438525,2.057322793044112e-09,37999.94999999999,47011.76435999999,-7664.229063749983,541810.0934668332
Bull,2026-03-31,2026,2026Q1,true,Actual,2590119.8200000003,2000890.3600000003,1203029.25,2624880.22,-623989.8599999999,44715.22,44715.21432916667,20142.504231,24572.71009816667,-0.005670833328622393,1203029.2443291666,2624880.214329167,-623989.8543291666,-0.2409115784956877,-0.24091158068509733,-2.1894096500224427e-09,49128.0591,46849.633880999994,-2134.4195518333217,546222.9382376666
Bull,2026-04-30,2026,2026Q2,true,Actual,2610974.62,2046708.4200000002,1324853.52,2697201.74,-650493.3200000001,60785.25,60785.24904358334,34820.656341,25964.592702583337,-0.0009564166612108238,1324853.5190435834,2697201.7390435836,-650493.3190435834,-0.24913812415517977,-0.24913812452148618,-3.6630637995662467e-10,84928.4301,68495.80355999999,-7710.554516416647,570366.1192940833
Bull,2026-05-31,2026,2026Q2,true,Actual,2644177.26,2057214.4899999998,1271678.48,2572074.1399999997,-514859.6499999999,51719.32,51719.32068216667,24764.806838999997,26954.51384316667,0.00068216666841181,1271678.4806821668,2572074.1406821664,-514859.65068216657,-0.19471449908852428,-0.19471449883053601,2.579882516695609e-10,60401.9679,63568.626258,-11849.305575833328,579048.7665119166
Bull,2026-06-30,2026,2026Q2,true,Actual,2719270.69,2118762.34,1288126.25,2568678.39,-449916.0500000003,57002.89,57002.88741150001,28893.419796000002,28109.467615500005,-0.002588499992270954,1288126.2474115,2568678.3874115003,-449916.0474115003,-0.16545467469128655,-0.1654546756431962,-9.519096431958945e-10,70471.7556,69325.890999,-12323.003587499988,592517.6347004166
Bull,2026-07-31,2026,2026Q3,false,FY2026 Reforecast,2796656.016353307,2212290.2340530693,1294213.2448508467,2610942.8783210483,-398652.6442679791,58299.669372194185,60650.371524477916,31290.146038860847,29360.225485617073,2350.7021522837313,1296563.9470031303,2613293.580473332,-401003.3464202628,-0.14338672474391406,-0.14254618442056427,0.0008405403233497854,76317.42936307524,73089.19982221439,-12438.828297736472,608184.6925390139
Bull,2026-08-31,2026,2026Q3,false,FY2026 Reforecast,2803924.5622889535,2187339.9543958716,1368872.5423194899,2738709.6545706852,-551369.7001748136,45535.3516036122,48626.584831740416,18525.828270278867,30100.756561461552,3091.2332281282143,1371963.775547618,2741800.8877988136,-554460.9334029418,-0.19774459729056107,-0.19664213067298392,0.0011024666175771575,45184.947000680164,56494.2519839086,-7867.667152168186,604743.0547079536
Bull,2026-09-30,2026,2026Q3,false,FY2026 Reforecast,2845782.366397408,2230734.521216756,1361774.8862944536,2728998.855000197,-498264.33378344076,42628.090461154454,46343.64310699368,15618.56712782112,30725.075979172558,3715.552645839227,1365490.438940293,2732714.4076460362,-501979.88642928,-0.17639433442155902,-0.17508869956707684,0.0013056348544821777,38094.06616541737,46371.34718258321,-27.704075589528657,596493.4777663773
Bull,2026-10-31,2026,2026Q4,false,FY2026 Reforecast,2881493.7318829643,2267976.986846446,1357641.2919339845,2722258.304128253,-454281.31728180684,42665.852535354454,47007.234058510236,15656.32920202112,31350.90485648912,4341.381523155782,1361982.6734571403,2726599.6856514085,-458622.6988049626,-0.15916144245966043,-0.15765479975031857,0.0015066427093418757,38186.168785417365,40670.064556060475,6337.16950244976,587672.4124932844
Bull,2026-11-30,2026,2026Q4,false,FY2026 Reforecast,2978621.2280756454,2366629.941588296,1370321.2837659004,2732337.5117301913,-365707.5701418952,59498.2499471302,65138.3000815421,32488.72661379687,32649.573467745227,5640.050134411897,1375961.3339003124,2737977.5618646033,-371347.6202763071,-0.12467097755702838,-0.12277746720356338,0.0018935103534650096,79240.79661901675,62675.455969051516,2462.8441124905803,601774.9090307591
Bull,2026-12-31,2026,2026Q4,false,FY2026 Reforecast,3022505.9851510613,2412034.5365131856,1366329.9985040843,2725751.59980282,-313717.0632896344,59640.50659598614,66584.91175241463,32630.9832626528,33953.928489761834,6944.405156428489,1373274.4036605128,2732696.0049592485,-320661.4684460629,-0.10609126004097444,-0.10379369464638304,0.0022975653945914074,79587.76405525074,72051.99029154691,-5467.078539132286,614777.7613335953
Bull,2027-01-31,2027,2027Q1,false,Forward Runway Projection,3065507.5132104703,2456550.302539873,1362107.4791151567,2718940.5966310073,-262390.29409113433,59532.75222860032,67297.58748552256,32523.228895266984,34774.35859025557,7764.835256922233,1369872.314372079,2726705.4318879293,-270155.12934805657,-0.08812737472795369,-0.08559440580732293,0.0025329689206307674,79324.94852504143,77728.06364056114,-10430.476155038588,626805.1223731141
Bull,2027-02-28,2027,2027Q1,false,Forward Runway Projection,3102256.8543657768,2494808.3025202816,1357906.3203815364,2712157.082350651,-217348.77983036917,59427.668003788414,67782.12132318954,32418.144670455076,35363.97665273446,8354.453319401124,1366260.7737009374,2720511.535670052,-225703.2331497703,-0.07275452799214233,-0.0700615036193719,0.0026930243727704174,79068.64553769532,79207.15786049554,-11425.036537306005,638091.6465876199
Bull,2027-03-31,2027,2027Q1,false,Forward Runway Projection,3154747.6870672964,2548802.2355675586,1353726.3701627215,2705400.89020988,-156598.65464232164,59325.187755681334,67650.17760612958,32315.664422348003,35334.51318378157,8324.989850448248,1362051.3600131697,2713725.8800603286,-164923.64449276988,-0.05227791914036888,-0.0496390425403238,0.0026388766000450866,78818.6937130439,78977.82112008164,-11327.643513952062,649260.1626945343
Bull,2027-04-30,2027,2027Q2,false,Forward Runway Projection,3206742.5927470517,2602294.7036996544,1349567.4783576725,2698671.8555313516,-96377.1518316972,59225.24695799372,68040.24742000425,32215.72362466038,35824.52379534387,8815.000462010532,1358382.478819683,2707486.855993362,-105192.15229370774,-0.032803428791456264,-0.030054533235589653,0.002748895555866607,78574.93566990337,78730.11991552208,-10689.872495517833,659794.8509444334
Bull,2027-05-31,2027,2027Q2,false,Forward Runway Projection,3263841.098201866,2660885.2542227083,1345429.4968623044,2691969.8156696553,-31084.561446947046,59127.782683395126,67974.84390154229,32118.259350061802,35856.58455148049,8847.061218147166,1354276.5580804516,2700816.8768878025,-39931.62266509421,-0.01223454863874763,-0.00952391998007266,0.0027106286586749706,78337.21792698,78488.55672232993,-10513.712820787638,670157.2249698711
Bull,2027-06-30,2027,2027Q2,false,Forward Runway Projection,3334237.505602681,2732768.2097406504,1341312.279527997,2685294.6099697426,47473.59977090778,59032.73356388822,68488.87937283196,32023.21023055489,36465.66914227706,9456.145808943736,1350768.4253369407,2694750.755778686,38017.45396196404,0.011402143338043996,0.01423821779076493,0.002836074452720934,78105.39080623144,78252.97944119017,-9764.10006835821,679773.7364032706
Bull,2027-07-31,2027,2027Q3,false,Forward Runway Projection,3395352.7242009584,2795364.4998618877,1337215.6821210943,2678646.0797263407,116718.42013554694,58940.0397521685,69293.2092176341,31930.516418835163,37362.69279879893,10353.169465465595,1347568.85158656,2688999.249191806,106365.25067008135,0.03132671604689104,0.03437593370008848,0.003049217653197444,77879.30833862236,78023.23974179376,-8730.030524159665,688359.8355242589
Bull,2027-08-31,2027,2027Q3,false,Forward Runway Projection,3463576.982327435,2865064.3731983467,1333139.562283372,2672024.068144336,193040.30505401082,58849.64288394179,69668.85942431315,31840.119550608462,37828.7398737047,10819.216540371359,1343958.7788237433,2682843.2846847074,182221.08851363946,0.05261066505621352,0.055734376928528,0.003123711872314477,77658.82817221576,77799.19296944204,-8130.333545128888,696349.8042721614
Bull,2027-09-30,2027,2027Q3,false,Forward Runway Projection,3545962.0333505906,2948919.6033242205,1329083.7794934434,2665428.4203000963,283491.18302412424,58761.48604117537,70195.08695348282,31751.96270784203,38443.12424564079,11433.600912307455,1340517.3804057508,2676862.0212124037,272057.5821118168,0.07672320784967591,0.07994760811250214,0.0032244002628262236,77443.81148254155,77580.69805396552,-7385.611100482696,703598.5288012201
Bull,2027-10-31,2027,2027Q4,false,Forward Runway Projection,3625102.061036254,3029524.3941358607,1325048.1950290918,2658858.983103719,370665.41103214165,58675.5137162597,70748.3541222966,31665.99038292637,39082.36373937023,12072.8404060369,1337121.0354351287,2670931.823509756,358592.5706261048,0.09891930339848122,0.10224964836608906,0.003330344967607841,77234.12288518627,77367.61742089955,-6619.263298602949,710084.2975641098
Bull,2027-11-30,2027,2027Q4,false,Forward Runway Projection,3703799.403164824,3109681.1034692777,1320907.2725349455,2652190.2058666237,457490.89760265406,58466.272381513234,70704.15001746992,31456.749048179903,39247.40096929002,12237.877635956684,1333145.1501709023,2664428.0835025804,445253.0199666974,0.12021520916770963,0.12351935075418422,0.003304141586474596,76723.77816629245,76979.36411614984,-6275.21409867992,716103.9257129324
Bull,2027-12-31,2027,2027Q4,false,Forward Runway Projection,3785332.1262327586,3192667.8178019086,1316783.5897519325,2645544.652030923,547123.1657709857,58256.42222044907,69743.96758921255,31246.898887115738,38497.06870209682,11487.54536876348,1328271.135120696,2657032.1973996866,535635.6204022222,0.14150293885448248,0.1445376911524786,0.0030347522979961403,76211.94850516034,76522.0482595196,-6778.080670307041,722571.90662888
