month_end_date,channel,spend,opportunities_created
2024-01-31,Paid Search,54102.72,14
2024-01-31,Paid Social,32110.22,8
2024-01-31,Content & SEO,32166.03,17
2024-01-31,Trade Shows & Events,49757.03,8
2024-01-31,Partner & Co-Marketing,25908.93,6
2024-01-31,Outbound Programs,15572.23,4
2024-02-29,Paid Search,63610.21,21
2024-02-29,Paid Social,32403.65,8
2024-02-29,Content & SEO,35606.32,12
2024-02-29,Trade Shows & Events,49694.09,7
2024-02-29,Partner & Co-Marketing,26632.82,7
2024-02-29,Outbound Programs,16910.81,5
2024-03-31,Paid Search,66419.85,19
2024-03-31,Paid Social,38436.65,7
2024-03-31,Content & SEO,45534.38,20
2024-03-31,Trade Shows & Events,67574.97,11
2024-03-31,Partner & Co-Marketing,30146.21,7
2024-03-31,Outbound Programs,20650.28,6
2024-04-30,Paid Search,61002.03,18
2024-04-30,Paid Social,34857.08,11
2024-04-30,Content & SEO,37019.10,19
2024-04-30,Trade Shows & Events,60723.86,7
2024-04-30,Partner & Co-Marketing,32946.82,6
2024-04-30,Outbound Programs,17851.95,8
2024-05-31,Paid Search,80782.06,26
2024-05-31,Paid Social,32075.90,8
2024-05-31,Content & SEO,46328.36,16
2024-05-31,Trade Shows & Events,64120.50,9
2024-05-31,Partner & Co-Marketing,30487.27,6
2024-05-31,Outbound Programs,19890.48,7
2024-06-30,Paid Search,68988.76,18
2024-06-30,Paid Social,39418.27,9
2024-06-30,Content & SEO,46769.88,17
2024-06-30,Trade Shows & Events,66898.72,8
2024-06-30,Partner & Co-Marketing,33689.41,12
2024-06-30,Outbound Programs,19125.72,5
2024-07-31,Paid Search,66763.07,22
2024-07-31,Paid Social,34751.67,9
2024-07-31,Content & SEO,35100.94,13
2024-07-31,Trade Shows & Events,52467.03,5
2024-07-31,Partner & Co-Marketing,24281.83,9
2024-07-31,Outbound Programs,15322.91,5
2024-08-31,Paid Search,68063.34,25
2024-08-31,Paid Social,33173.64,9
2024-08-31,Content & SEO,34553.93,17
2024-08-31,Trade Shows & Events,54677.18,8
2024-08-31,Partner & Co-Marketing,26412.74,5
2024-08-31,Outbound Programs,16605.26,6
2024-09-30,Paid Search,82174.67,24
2024-09-30,Paid Social,38987.37,8
2024-09-30,Content & SEO,45901.63,24
2024-09-30,Trade Shows & Events,62019.18,10
2024-09-30,Partner & Co-Marketing,39116.88,14
2024-09-30,Outbound Programs,18172.92,7
2024-10-31,Paid Search,83357.41,31
2024-10-31,Paid Social,40303.51,9
2024-10-31,Content & SEO,42103.79,16
2024-10-31,Trade Shows & Events,69208.09,9
2024-10-31,Partner & Co-Marketing,34290.94,10
2024-10-31,Outbound Programs,19568.08,8
2024-11-30,Paid Search,66596.80,18
2024-11-30,Paid Social,33447.91,8
2024-11-30,Content & SEO,44055.12,21
2024-11-30,Trade Shows & Events,62916.74,10
2024-11-30,Partner & Co-Marketing,29552.86,8
2024-11-30,Outbound Programs,19787.17,8
2024-12-31,Paid Search,69141.50,22
2024-12-31,Paid Social,38238.81,11
2024-12-31,Content & SEO,40425.06,16
2024-12-31,Trade Shows & Events,57468.97,9
2024-12-31,Partner & Co-Marketing,29184.95,6
2024-12-31,Outbound Programs,17030.84,5
2025-01-31,Paid Search,60650.74,17
2025-01-31,Paid Social,33246.92,7
2025-01-31,Content & SEO,44360.01,17
2025-01-31,Trade Shows & Events,55896.02,6
2025-01-31,Partner & Co-Marketing,29648.14,6
2025-01-31,Outbound Programs,18155.40,4
2025-02-28,Paid Search,68181.11,16
2025-02-28,Paid Social,30317.05,6
2025-02-28,Content & SEO,39563.86,20
2025-02-28,Trade Shows & Events,55804.84,6
2025-02-28,Partner & Co-Marketing,29514.74,8
2025-02-28,Outbound Programs,16733.94,4
2025-03-31,Paid Search,81122.13,26
2025-03-31,Paid Social,41980.63,10
2025-03-31,Content & SEO,56520.41,23
2025-03-31,Trade Shows & Events,81756.54,14
2025-03-31,Partner & Co-Marketing,35969.32,9
2025-03-31,Outbound Programs,21236.55,9
2025-04-30,Paid Search,72962.50,24
2025-04-30,Paid Social,44416.80,15
2025-04-30,Content & SEO,46333.58,17
2025-04-30,Trade Shows & Events,72493.02,9
2025-04-30,Partner & Co-Marketing,38537.80,8
2025-04-30,Outbound Programs,20745.28,8
2025-05-31,Paid Search,77110.91,22
2025-05-31,Paid Social,46415.13,12
2025-05-31,Content & SEO,44052.03,19
2025-05-31,Trade Shows & Events,76801.47,8
2025-05-31,Partner & Co-Marketing,33298.29,9
2025-05-31,Outbound Programs,19975.42,6
2025-06-30,Paid Search,91600.85,28
2025-06-30,Paid Social,42615.60,11
2025-06-30,Content & SEO,50464.84,25
2025-06-30,Trade Shows & Events,68390.48,8
2025-06-30,Partner & Co-Marketing,34385.53,11
2025-06-30,Outbound Programs,20616.22,7
2025-07-31,Paid Search,69742.17,23
2025-07-31,Paid Social,36173.08,8
2025-07-31,Content & SEO,40032.10,15
2025-07-31,Trade Shows & Events,60615.65,7
2025-07-31,Partner & Co-Marketing,33315.81,8
2025-07-31,Outbound Programs,18314.79,6
2025-08-31,Paid Search,61658.64,30
2025-08-31,Paid Social,32618.96,9
2025-08-31,Content & SEO,38157.50,13
2025-08-31,Trade Shows & Events,64036.62,10
2025-08-31,Partner & Co-Marketing,30792.77,6
2025-08-31,Outbound Programs,19857.75,6
2025-09-30,Paid Search,88456.56,26
2025-09-30,Paid Social,43628.82,13
2025-09-30,Content & SEO,49304.76,26
2025-09-30,Trade Shows & Events,69710.39,10
2025-09-30,Partner & Co-Marketing,34310.28,9
2025-09-30,Outbound Programs,22731.21,7
2025-10-31,Paid Search,78629.66,29
2025-10-31,Paid Social,45219.87,13
2025-10-31,Content & SEO,54904.58,19
2025-10-31,Trade Shows & Events,73602.14,10
2025-10-31,Partner & Co-Marketing,36380.34,11
2025-10-31,Outbound Programs,19879.21,6
2025-11-30,Paid Search,77291.11,34
2025-11-30,Paid Social,42145.96,14
2025-11-30,Content & SEO,48033.26,19
2025-11-30,Trade Shows & Events,68679.75,8
2025-11-30,Partner & Co-Marketing,35812.61,10
2025-11-30,Outbound Programs,18785.26,6
2025-12-31,Paid Search,70485.68,17
2025-12-31,Paid Social,39482.86,9
2025-12-31,Content & SEO,45239.25,22
2025-12-31,Trade Shows & Events,64612.33,8
2025-12-31,Partner & Co-Marketing,33875.83,7
2025-12-31,Outbound Programs,20673.60,7
2026-01-31,Paid Search,37989.87,10
2026-01-31,Paid Social,19865.24,6
2026-01-31,Content & SEO,23586.51,7
2026-01-31,Trade Shows & Events,35662.42,4
2026-01-31,Partner & Co-Marketing,17266.10,5
2026-01-31,Outbound Programs,9882.82,3
2026-02-28,Paid Search,45254.89,15
2026-02-28,Paid Social,23224.55,7
2026-02-28,Content & SEO,30465.26,10
2026-02-28,Trade Shows & Events,37634.29,6
2026-02-28,Partner & Co-Marketing,19603.08,5
2026-02-28,Outbound Programs,11878.90,4
2026-03-31,Paid Search,49398.89,15
2026-03-31,Paid Social,28456.25,8
2026-03-31,Content & SEO,29686.95,14
2026-03-31,Trade Shows & Events,52459.95,6
2026-03-31,Partner & Co-Marketing,21856.50,6
2026-03-31,Outbound Programs,15072.57,5
2026-04-30,Paid Search,88311.12,29
2026-04-30,Paid Social,43937.07,11
2026-04-30,Content & SEO,43569.20,15
2026-04-30,Trade Shows & Events,64179.81,9
2026-04-30,Partner & Co-Marketing,35618.31,8
2026-04-30,Outbound Programs,18710.83,6
2026-05-31,Paid Search,76099.95,19
2026-05-31,Paid Social,43628.74,12
2026-05-31,Content & SEO,50272.53,25
2026-05-31,Trade Shows & Events,67419.25,9
2026-05-31,Partner & Co-Marketing,40916.47,11
2026-05-31,Outbound Programs,21912.91,6
2026-06-30,Paid Search,77840.41,24
2026-06-30,Paid Social,45763.00,7
2026-06-30,Content & SEO,44830.84,18
2026-06-30,Trade Shows & Events,70720.93,7
2026-06-30,Partner & Co-Marketing,38024.94,7
2026-06-30,Outbound Programs,23859.53,6
